{
  "main": {
    "ak-GH": {
      "identity": {
        "version": {
          "_cldrVersion": "26",
          "_number": "$Revision: 10669 $"
        },
        "generation": {
          "_date": "$Date: 2014-07-23 16:10:33 -0500 (Wed, 23 Jul 2014) $"
        },
        "language": "ak",
        "territory": "GH"
      },
      "localeDisplayNames": {
        "territories": {
          "001": "001",
          "002": "002",
          "003": "003",
          "005": "005",
          "009": "009",
          "011": "011",
          "013": "013",
          "014": "014",
          "015": "015",
          "017": "017",
          "018": "018",
          "019": "019",
          "021": "021",
          "029": "029",
          "030": "030",
          "034": "034",
          "035": "035",
          "039": "039",
          "053": "053",
          "054": "054",
          "057": "057",
          "061": "061",
          "142": "142",
          "143": "143",
          "145": "145",
          "150": "150",
          "151": "151",
          "154": "154",
          "155": "155",
          "419": "419",
          "AC": "AC",
          "AD": "Andora",
          "AE": "United Arab Emirates",
          "AF": "Afganistan",
          "AG": "Antigua ne Baabuda",
          "AI": "Anguila",
          "AL": "Albenia",
          "AM": "Aamenia",
          "AN": "Nɛdɛland Antelez",
          "AO": "Angola",
          "AQ": "AQ",
          "AR": "Agyɛntina",
          "AS": "Amɛrika Samoa",
          "AT": "Ɔstria",
          "AU": "Ɔstrelia",
          "AW": "Aruba",
          "AX": "AX",
          "AZ": "Azebaegyan",
          "BA": "Bosnia ne Hɛzegovina",
          "BB": "Baabados",
          "BD": "Bangladɛhye",
          "BE": "Bɛlgyium",
          "BF": "Bɔkina Faso",
          "BG": "Bɔlgeria",
          "BH": "Baren",
          "BI": "Burundi",
          "BJ": "Bɛnin",
          "BL": "BL",
          "BM": "Bɛmuda",
          "BN": "Brunae",
          "BO": "Bolivia",
          "BQ": "BQ",
          "BR": "Brazil",
          "BS": "Bahama",
          "BT": "Butan",
          "BV": "BV",
          "BW": "Bɔtswana",
          "BY": "Bɛlarus",
          "BZ": "Beliz",
          "CA": "Kanada",
          "CC": "CC",
          "CD": "Kongo (Zair)",
          "CD-alt-variant": "CD",
          "CF": "Afrika Finimfin Man",
          "CG": "Kongo",
          "CG-alt-variant": "CG",
          "CH": "Swetzaland",
          "CI": "La Côte d’Ivoire",
          "CI-alt-variant": "CI",
          "CK": "Kook Nsupɔw",
          "CL": "Kyili",
          "CM": "Kamɛrun",
          "CN": "Kyaena",
          "CO": "Kolombia",
          "CP": "CP",
          "CR": "Kɔsta Rika",
          "CU": "Kuba",
          "CV": "Kepvɛdfo Islands",
          "CW": "CW",
          "CX": "CX",
          "CY": "Saeprɔs",
          "CZ": "Kyɛk Kurokɛse",
          "DE": "Gyaaman",
          "DG": "DG",
          "DJ": "Gyibuti",
          "DK": "Dɛnmak",
          "DM": "Dɔmeneka",
          "DO": "Dɔmeneka Kurokɛse",
          "DZ": "Ɔlgyeria",
          "EA": "EA",
          "EC": "Ikuwadɔ",
          "EE": "Ɛstonia",
          "EG": "Nisrim",
          "EH": "EH",
          "ER": "Ɛritrea",
          "ES": "Spain",
          "ET": "Ithiopia",
          "EU": "EU",
          "FI": "Finland",
          "FJ": "Figyi",
          "FK": "Fɔlkman Aeland",
          "FK-alt-variant": "FK",
          "FM": "Maekronehyia",
          "FO": "FO",
          "FR": "Frɛnkyeman",
          "GA": "Gabɔn",
          "GB": "Ahendiman Nkabom",
          "GB-alt-short": "GB",
          "GD": "Grenada",
          "GE": "Gyɔgyea",
          "GF": "Frɛnkye Gayana",
          "GG": "GG",
          "GH": "Gaana",
          "GI": "Gyebralta",
          "GL": "Greenman",
          "GM": "Gambia",
          "GN": "Gini",
          "GP": "Guwadelup",
          "GQ": "Gini Ikuweta",
          "GR": "Greekman",
          "GS": "GS",
          "GT": "Guwatemala",
          "GU": "Guam",
          "GW": "Gini Bisaw",
          "GY": "Gayana",
          "HK": "HK",
          "HK-alt-short": "HK",
          "HM": "HM",
          "HN": "Hɔnduras",
          "HR": "Krowehyia",
          "HT": "Heiti",
          "HU": "Hangari",
          "IC": "IC",
          "ID": "Indɔnehyia",
          "IE": "Aereland",
          "IL": "Israel",
          "IM": "IM",
          "IN": "India",
          "IO": "Britenfo Hɔn Man Wɔ India Po No Mu",
          "IQ": "Irak",
          "IR": "Iran",
          "IS": "Aesland",
          "IT": "Itali",
          "JE": "JE",
          "JM": "Gyameka",
          "JO": "Gyɔdan",
          "JP": "Gyapan",
          "KE": "Kɛnya",
          "KG": "Kɛɛgestan",
          "KH": "Kambodia",
          "KI": "Kiribati",
          "KM": "Kɔmɔrɔs",
          "KN": "Saint Kitts ne Nɛves",
          "KP": "Etifi Koria",
          "KR": "Anaafo Koria",
          "KW": "Kuwete",
          "KY": "Kemanfo Islands",
          "KZ": "Kazakstan",
          "LA": "Laos",
          "LB": "Lɛbanɔn",
          "LC": "Saint Lucia",
          "LI": "Lektenstaen",
          "LK": "Sri Lanka",
          "LR": "Laeberia",
          "LS": "Lɛsutu",
          "LT": "Lituwenia",
          "LU": "Laksembɛg",
          "LV": "Latvia",
          "LY": "Libya",
          "MA": "Moroko",
          "MC": "Mɔnako",
          "MD": "Mɔldova",
          "ME": "ME",
          "MF": "MF",
          "MG": "Madagaska",
          "MH": "Marshall Islands",
          "MK": "Masedonia",
          "MK-alt-variant": "MK",
          "ML": "Mali",
          "MM": "Miyanma",
          "MN": "Mɔngolia",
          "MO": "MO",
          "MO-alt-short": "MO",
          "MP": "Northern Mariana Islands",
          "MQ": "Matinik",
          "MR": "Mɔretenia",
          "MS": "Mantserat",
          "MT": "Mɔlta",
          "MU": "Mɔrehyeɔs",
          "MV": "Maldives",
          "MW": "Malawi",
          "MX": "Mɛksiko",
          "MY": "Malehyia",
          "MZ": "Mozambik",
          "NA": "Namibia",
          "NC": "Kaledonia Foforo",
          "NE": "Nigyɛ",
          "NF": "Nɔfolk Aeland",
          "NG": "Naegyeria",
          "NI": "Nekaraguwa",
          "NL": "Nɛdɛland",
          "NO": "Nɔɔwe",
          "NP": "Nɛpɔl",
          "NR": "Naworu",
          "NU": "Niyu",
          "NZ": "Ziland Foforo",
          "OM": "Oman",
          "PA": "Panama",
          "PE": "Peru",
          "PF": "Frɛnkye Pɔlenehyia",
          "PG": "Papua Guinea Foforo",
          "PH": "Philippines",
          "PK": "Pakistan",
          "PL": "Poland",
          "PM": "Saint Pierre ne Miquelon",
          "PN": "Pitcairn",
          "PR": "Puɛto Riko",
          "PS": "Palestaen West Bank ne Gaza",
          "PS-alt-short": "PS",
          "PT": "Pɔtugal",
          "PW": "Palau",
          "PY": "Paraguay",
          "QA": "Kata",
          "QO": "QO",
          "RE": "Reyuniɔn",
          "RO": "Romenia",
          "RS": "RS",
          "RU": "Rɔhyea",
          "RW": "Rwanda",
          "SA": "Saudi Arabia",
          "SB": "Solomon Islands",
          "SC": "Seyhyɛl",
          "SD": "Sudan",
          "SE": "Sweden",
          "SG": "Singapɔ",
          "SH": "Saint Helena",
          "SI": "Slovinia",
          "SJ": "SJ",
          "SK": "Slovakia",
          "SL": "Sierra Leone",
          "SM": "San Marino",
          "SN": "Senegal",
          "SO": "Somalia",
          "SR": "Suriname",
          "SS": "SS",
          "ST": "São Tomé and Príncipe",
          "SV": "Ɛl Salvadɔ",
          "SX": "SX",
          "SY": "Siria",
          "SZ": "Swaziland",
          "TA": "TA",
          "TC": "Turks ne Caicos Islands",
          "TD": "Kyad",
          "TF": "TF",
          "TG": "Togo",
          "TH": "Taeland",
          "TJ": "Tajikistan",
          "TK": "Tokelau",
          "TL": "Timɔ Boka",
          "TL-alt-variant": "TL",
          "TM": "Tɛkmɛnistan",
          "TN": "Tunihyia",
          "TO": "Tonga",
          "TR": "Tɛɛki",
          "TT": "Trinidad ne Tobago",
          "TV": "Tuvalu",
          "TW": "Taiwan",
          "TZ": "Tanzania",
          "UA": "Ukren",
          "UG": "Uganda",
          "UM": "UM",
          "US": "Amɛrika",
          "US-alt-short": "US",
          "UY": "Yurugwae",
          "UZ": "Uzbɛkistan",
          "VA": "Vatican Man",
          "VC": "Saint Vincent ne Grenadines",
          "VE": "Venezuela",
          "VG": "Britainfo Virgin Islands",
          "VI": "Amɛrika Virgin Islands",
          "VN": "Viɛtnam",
          "VU": "Vanuatu",
          "WF": "Wallis ne Futuna",
          "WS": "Samoa",
          "XK": "XK",
          "YE": "Yɛmen",
          "YT": "Mayɔte",
          "ZA": "Afrika Anaafo",
          "ZM": "Zambia",
          "ZW": "Zembabwe",
          "ZZ": "ZZ"
        }
      }
    }
  }
}
