{
  "main": {
    "ar-001": {
      "identity": {
        "version": {
          "_cldrVersion": "26",
          "_number": "$Revision: 10669 $"
        },
        "generation": {
          "_date": "$Date: 2014-07-23 16:10:33 -0500 (Wed, 23 Jul 2014) $"
        },
        "language": "ar",
        "territory": "001"
      },
      "characters": {
        "exemplarCharacters": "[\u064B \u064C \u064D \u064E \u064F \u0650 \u0651 \u0652 \u0670 ء أ ؤ إ ئ ا آ ب ة ت ث ج ح خ د ذ ر ز س ش ص ض ط ظ ع غ ف ق ك ل م ن ه و ى ي]",
        "auxiliary": "[\u200C\u200D\u200E\u200F پ چ ژ ڜ ڢ ڤ ڥ ٯ ڧ ڨ ک گ ی]",
        "punctuation": "[\\- ‐ – — ، ؛ \\: ! ؟ . ' \" ( ) \\[ \\]]",
        "index": "[ا ب ت ث ج ح خ د ذ ر ز س ش ص ض ط ظ ع غ ف ق ك ل م ن ه و ي]",
        "ellipsis": {
          "initial": "…{0}",
          "medial": "{0}…{1}",
          "final": "{0}…",
          "word-initial": "… {0}",
          "word-medial": "{0} … {1}",
          "word-final": "{0} …"
        },
        "moreInformation": "؟"
      }
    }
  }
}
