{
  "main": {
    "ak": {
      "identity": {
        "version": {
          "_cldrVersion": "26",
          "_number": "$Revision: 10739 $"
        },
        "generation": {
          "_date": "$Date: 2014-08-07 12:54:13 -0500 (Thu, 07 Aug 2014) $"
        },
        "language": "ak"
      },
      "characters": {
        "exemplarCharacters": "[a b d e ɛ f g h i k l m n o ɔ p r s t u w y]",
        "auxiliary": "[c j q v z]",
        "punctuation": "[\\- , ; \\: ! ? . ( ) \\[ \\] \\{ \\}]",
        "index": "[A B C D E Ɛ F G H I J K L M N O Ɔ P Q R S T U V W X Y Z]",
        "ellipsis": {
          "initial": "…{0}",
          "medial": "{0}…{1}",
          "final": "{0}…",
          "word-initial": "… {0}",
          "word-medial": "{0} … {1}",
          "word-final": "{0} …"
        },
        "moreInformation": "?"
      }
    }
  }
}
