{
  "main": {
    "af-NA": {
      "identity": {
        "version": {
          "_cldrVersion": "26",
          "_number": "$Revision: 10819 $"
        },
        "generation": {
          "_date": "$Date: 2014-08-14 22:53:08 -0500 (Thu, 14 Aug 2014) $"
        },
        "language": "af",
        "territory": "NA"
      },
      "localeDisplayNames": {
        "languages": {
          "aa": "aa",
          "ab": "Abkasies",
          "ace": "ace",
          "ach": "Akoli",
          "ada": "ada",
          "ady": "ady",
          "ae": "ae",
          "aeb": "aeb",
          "af": "Afrikaans",
          "afh": "afh",
          "agq": "Aghem",
          "ain": "ain",
          "ak": "Akan",
          "akk": "akk",
          "akz": "akz",
          "ale": "ale",
          "aln": "aln",
          "alt": "alt",
          "am": "Amharies",
          "an": "an",
          "ang": "ang",
          "anp": "anp",
          "ar": "Arabies",
          "ar-001": "Moderne Standaard Arabies",
          "arc": "Aramees",
          "arn": "Mapuche",
          "aro": "aro",
          "arp": "arp",
          "arq": "arq",
          "arw": "arw",
          "ary": "ary",
          "arz": "arz",
          "as": "Assamees",
          "asa": "Asu",
          "ase": "ase",
          "ast": "ast",
          "av": "av",
          "avk": "avk",
          "awa": "awa",
          "ay": "Aymara",
          "az": "Azerbeidjans",
          "az-alt-short": "Azeri",
          "azb": "azb",
          "ba": "Baskir",
          "bal": "bal",
          "ban": "ban",
          "bar": "bar",
          "bas": "bas",
          "bax": "bax",
          "bbc": "bbc",
          "bbj": "bbj",
          "be": "Wit-Russies",
          "bej": "bej",
          "bem": "Bemba",
          "bew": "bew",
          "bez": "Bena",
          "bfd": "bfd",
          "bfq": "bfq",
          "bg": "Bulgaars",
          "bho": "bho",
          "bi": "bi",
          "bik": "bik",
          "bin": "bin",
          "bjn": "bjn",
          "bkm": "bkm",
          "bla": "bla",
          "bm": "Bambara",
          "bn": "Bengaals",
          "bo": "Tibettaans",
          "bpy": "bpy",
          "bqi": "bqi",
          "br": "Bretons",
          "bra": "bra",
          "brh": "brh",
          "brx": "Bodo",
          "bs": "Bosnies",
          "bss": "bss",
          "bua": "bua",
          "bug": "bug",
          "bum": "bum",
          "byn": "byn",
          "byv": "byv",
          "ca": "Katalaans",
          "cad": "cad",
          "car": "car",
          "cay": "cay",
          "cch": "cch",
          "ce": "ce",
          "ceb": "ceb",
          "cgg": "Sjiga",
          "ch": "ch",
          "chb": "chb",
          "chg": "chg",
          "chk": "chk",
          "chm": "chm",
          "chn": "chn",
          "cho": "cho",
          "chp": "chp",
          "chr": "Cherokees",
          "chy": "chy",
          "ckb": "Sorani Koerdies",
          "co": "Korsikaans",
          "cop": "Kopties",
          "cps": "cps",
          "cr": "cr",
          "crh": "crh",
          "cs": "Tsjeggies",
          "csb": "csb",
          "cu": "Kerkslawies",
          "cv": "cv",
          "cy": "Wallies",
          "da": "Deens",
          "dak": "dak",
          "dar": "dar",
          "dav": "Taita",
          "de": "Duits",
          "de-AT": "de_AT",
          "de-CH": "Switserse hoog-Duits",
          "del": "del",
          "den": "den",
          "dgr": "dgr",
          "din": "din",
          "dje": "Zarma",
          "doi": "doi",
          "dsb": "Lae Sorbies",
          "dtp": "dtp",
          "dua": "Duala",
          "dum": "dum",
          "dv": "Divehi",
          "dyo": "Jola-Fonyi",
          "dyu": "dyu",
          "dz": "Dzongkha",
          "dzg": "dzg",
          "ebu": "Embu",
          "ee": "Ewe",
          "efi": "Efik",
          "egl": "egl",
          "egy": "Antieke Egipties",
          "eka": "eka",
          "el": "Grieks",
          "elx": "elx",
          "en": "Engels",
          "en-AU": "en_AU",
          "en-CA": "en_CA",
          "en-GB": "en_GB",
          "en-GB-alt-short": "Engels (VK)",
          "en-US": "en_US",
          "en-US-alt-short": "Engels (VSA)",
          "enm": "enm",
          "eo": "Esperanto",
          "es": "Spaans",
          "es-419": "es_419",
          "es-ES": "es_ES",
          "es-MX": "es_MX",
          "esu": "esu",
          "et": "Estnies",
          "eu": "Baskies",
          "ewo": "ewo",
          "ext": "ext",
          "fa": "Persies",
          "fan": "fan",
          "fat": "fat",
          "ff": "ff",
          "fi": "Fins",
          "fil": "Filippyns",
          "fit": "fit",
          "fj": "Fidjiaans",
          "fo": "Faroees",
          "fon": "fon",
          "fr": "Frans",
          "fr-CA": "fr_CA",
          "fr-CH": "fr_CH",
          "frc": "frc",
          "frm": "frm",
          "fro": "fro",
          "frp": "frp",
          "frr": "frr",
          "frs": "frs",
          "fur": "fur",
          "fy": "Wes-Fries",
          "ga": "Iers",
          "gaa": "Gaa",
          "gag": "Gagauz",
          "gan": "gan",
          "gay": "gay",
          "gba": "gba",
          "gbz": "gbz",
          "gd": "Skotse Gallies",
          "gez": "gez",
          "gil": "gil",
          "gl": "Galisies",
          "glk": "glk",
          "gmh": "gmh",
          "gn": "Guarani",
          "goh": "goh",
          "gom": "gom",
          "gon": "gon",
          "gor": "gor",
          "got": "Goties",
          "grb": "grb",
          "grc": "Antieke Grieks",
          "gsw": "Switserse Duits",
          "gu": "Goedjarati",
          "guc": "guc",
          "gur": "gur",
          "guz": "Gusii",
          "gv": "Manx",
          "gwi": "gwi",
          "ha": "Hausa",
          "hai": "hai",
          "hak": "hak",
          "haw": "Hawaiies",
          "he": "Hebreeus",
          "hi": "Hindi",
          "hif": "hif",
          "hil": "hil",
          "hit": "Hetities",
          "hmn": "hmn",
          "ho": "ho",
          "hr": "Kroaties",
          "hsb": "Hoog-Sorbies",
          "hsn": "hsn",
          "ht": "Haïtiaans",
          "hu": "Hongaars",
          "hup": "hup",
          "hy": "Armeens",
          "hz": "hz",
          "ia": "Interlingua",
          "iba": "iba",
          "ibb": "ibb",
          "id": "Indonesies",
          "ie": "Interlingue",
          "ig": "Igbo",
          "ii": "Sichuan Yi",
          "ik": "ik",
          "ilo": "ilo",
          "inh": "inh",
          "io": "io",
          "is": "Yslands",
          "it": "Italiaans",
          "iu": "Innuïties",
          "izh": "izh",
          "ja": "Japannees",
          "jam": "jam",
          "jbo": "jbo",
          "jgo": "Ngomba",
          "jmc": "Machame",
          "jpr": "jpr",
          "jrb": "jrb",
          "jut": "jut",
          "jv": "Javaans",
          "ka": "Georgies",
          "kaa": "kaa",
          "kab": "Kabyle",
          "kac": "kac",
          "kaj": "kaj",
          "kam": "Kamba",
          "kaw": "kaw",
          "kbd": "kbd",
          "kbl": "kbl",
          "kcg": "kcg",
          "kde": "Makonde",
          "kea": "Kabuverdianu",
          "ken": "ken",
          "kfo": "kfo",
          "kg": "Kongolees",
          "kgp": "kgp",
          "kha": "kha",
          "kho": "kho",
          "khq": "Koyra Chiini",
          "khw": "khw",
          "ki": "Kikuyu",
          "kiu": "kiu",
          "kj": "kj",
          "kk": "Kazaks",
          "kkj": "kkj",
          "kl": "Kalaallisut",
          "kln": "Kalenjin",
          "km": "Khmer",
          "kmb": "kmb",
          "kn": "Kannada",
          "ko": "Koreaans",
          "koi": "Komi-Permyaks",
          "kok": "Konkani",
          "kos": "kos",
          "kpe": "kpe",
          "kr": "kr",
          "krc": "krc",
          "kri": "kri",
          "krj": "krj",
          "krl": "krl",
          "kru": "Kurukh",
          "ks": "Kasjmirs",
          "ksb": "Shambala",
          "ksf": "Bafia",
          "ksh": "ksh",
          "ku": "Koerdies",
          "kum": "kum",
          "kut": "kut",
          "kv": "kv",
          "kw": "Kornies",
          "ky": "Kirgisies",
          "la": "Latyn",
          "lad": "lad",
          "lag": "Langi",
          "lah": "lah",
          "lam": "lam",
          "lb": "Luxemburgs",
          "lez": "lez",
          "lfn": "lfn",
          "lg": "Ganda",
          "li": "Limburgs",
          "lij": "lij",
          "liv": "liv",
          "lkt": "Lakota",
          "lmo": "lmo",
          "ln": "Lingaals",
          "lo": "Lao",
          "lol": "lol",
          "loz": "Lozi",
          "lt": "Litaus",
          "ltg": "ltg",
          "lu": "Luba-Katanga",
          "lua": "Luba-Lulua",
          "lui": "lui",
          "lun": "lun",
          "luo": "Luo",
          "lus": "lus",
          "luy": "Luyia",
          "lv": "Letties",
          "lzh": "lzh",
          "lzz": "lzz",
          "mad": "mad",
          "maf": "maf",
          "mag": "mag",
          "mai": "mai",
          "mak": "mak",
          "man": "man",
          "mas": "Masai",
          "mde": "mde",
          "mdf": "mdf",
          "mdr": "mdr",
          "men": "men",
          "mer": "Meru",
          "mfe": "Morisjen",
          "mg": "Malgassies",
          "mga": "mga",
          "mgh": "Makhuwa-Meetto",
          "mgo": "Meta’",
          "mh": "mh",
          "mi": "Maori",
          "mic": "mic",
          "min": "min",
          "mk": "Masedonies",
          "ml": "Malabaars",
          "mn": "Mongools",
          "mnc": "mnc",
          "mni": "mni",
          "moh": "Mohawk",
          "mos": "mos",
          "mr": "Marathi",
          "mrj": "mrj",
          "ms": "Maleis",
          "mt": "Maltees",
          "mua": "Mundang",
          "mul": "Veelvuldige tale",
          "mus": "mus",
          "mwl": "mwl",
          "mwr": "mwr",
          "mwv": "mwv",
          "my": "Birmaans",
          "mye": "mye",
          "myv": "myv",
          "mzn": "mzn",
          "na": "na",
          "nan": "nan",
          "nap": "nap",
          "naq": "Nama",
          "nb": "Noorse Bokmål",
          "nd": "Noord-Ndebele",
          "nds": "nds",
          "ne": "Nepalees",
          "new": "new",
          "ng": "ng",
          "nia": "nia",
          "niu": "niu",
          "njo": "njo",
          "nl": "Nederlands",
          "nl-BE": "Vlaams",
          "nmg": "Kwasio",
          "nn": "Noorweegse Nynorsk",
          "nnh": "nnh",
          "no": "Noors",
          "nog": "nog",
          "non": "non",
          "nov": "nov",
          "nqo": "N’Ko",
          "nr": "Suid-Ndebele",
          "nso": "Noord-Sotho",
          "nus": "Nuer",
          "nv": "nv",
          "nwc": "nwc",
          "ny": "Nyanja",
          "nym": "nym",
          "nyn": "Nyankole",
          "nyo": "nyo",
          "nzi": "nzi",
          "oc": "Oksitaans",
          "oj": "oj",
          "om": "Oromo",
          "or": "Oriya",
          "os": "Osseties",
          "osa": "osa",
          "ota": "ota",
          "pa": "Pandjabi",
          "pag": "pag",
          "pal": "pal",
          "pam": "pam",
          "pap": "pap",
          "pau": "pau",
          "pcd": "pcd",
          "pdc": "pdc",
          "pdt": "pdt",
          "peo": "peo",
          "pfl": "pfl",
          "phn": "Fenisies",
          "pi": "pi",
          "pl": "Pools",
          "pms": "pms",
          "pnt": "pnt",
          "pon": "pon",
          "prg": "prg",
          "pro": "pro",
          "ps": "Pasjto",
          "ps-alt-variant": "Pushto",
          "pt": "Portugees",
          "pt-BR": "pt_BR",
          "pt-PT": "pt_PT",
          "qu": "Quechua",
          "quc": "K’iche’",
          "qug": "qug",
          "raj": "raj",
          "rap": "rap",
          "rar": "rar",
          "rgn": "rgn",
          "rif": "rif",
          "rm": "Reto-Romaans",
          "rn": "Rundi",
          "ro": "Roemeens",
          "ro-MD": "Moldawies",
          "rof": "Rombo",
          "rom": "rom",
          "root": "root",
          "rtm": "rtm",
          "ru": "Russies",
          "rue": "rue",
          "rug": "rug",
          "rup": "rup",
          "rw": "Rwandees",
          "rwk": "Rwa",
          "sa": "Sanskrit",
          "sad": "sad",
          "sah": "sah",
          "sam": "sam",
          "saq": "Samburu",
          "sas": "sas",
          "sat": "sat",
          "saz": "saz",
          "sba": "sba",
          "sbp": "Sangu",
          "sc": "sc",
          "scn": "scn",
          "sco": "Skots",
          "sd": "Sindhi",
          "sdc": "sdc",
          "se": "Noordelike Sami",
          "see": "see",
          "seh": "Sena",
          "sei": "sei",
          "sel": "sel",
          "ses": "Koyraboro Senni",
          "sg": "Sango",
          "sga": "sga",
          "sgs": "sgs",
          "sh": "Serwo-Kroaties",
          "shi": "Tachelhit",
          "shn": "shn",
          "shu": "shu",
          "si": "Sinhala",
          "sid": "sid",
          "sk": "Slowaaks",
          "sl": "Sloweens",
          "sli": "sli",
          "sly": "sly",
          "sm": "Samoaans",
          "sma": "Suid-Sami",
          "smj": "Lule Sami",
          "smn": "Inari Sami",
          "sms": "Skolt Sami",
          "sn": "Shona",
          "snk": "snk",
          "so": "Somalies",
          "sog": "sog",
          "sq": "Albanees",
          "sr": "Serwies",
          "srn": "srn",
          "srr": "srr",
          "ss": "Swazi",
          "ssy": "ssy",
          "st": "Suid-Sotho",
          "stq": "stq",
          "su": "Sundanees",
          "suk": "suk",
          "sus": "sus",
          "sux": "sux",
          "sv": "Sweeds",
          "sw": "Swahili",
          "swb": "Shimaorees",
          "swc": "Swahili (Kongo)",
          "syc": "syc",
          "syr": "syr",
          "szl": "szl",
          "ta": "Tamil",
          "tcy": "tcy",
          "te": "Telugu",
          "tem": "tem",
          "teo": "Teso",
          "ter": "ter",
          "tet": "Tetum",
          "tg": "Tadzjieks",
          "th": "Thai",
          "ti": "Tigrinya",
          "tig": "tig",
          "tiv": "tiv",
          "tk": "Turkmeens",
          "tkl": "tkl",
          "tkr": "tkr",
          "tl": "tl",
          "tlh": "Klingon",
          "tli": "tli",
          "tly": "tly",
          "tmh": "tmh",
          "tn": "Tswana",
          "to": "Tongaans",
          "tog": "tog",
          "tpi": "Tok Pisin",
          "tr": "Turks",
          "tru": "tru",
          "trv": "trv",
          "ts": "Tsonga",
          "tsd": "tsd",
          "tsi": "tsi",
          "tt": "Tataars",
          "ttt": "ttt",
          "tum": "Toemboeka",
          "tvl": "tvl",
          "tw": "Twi",
          "twq": "Tasawaq",
          "ty": "Tahities",
          "tyv": "tyv",
          "tzm": "Sentraal Atlas Tamazight",
          "udm": "udm",
          "ug": "Uighur",
          "uga": "uga",
          "uk": "Oekraïens",
          "umb": "umb",
          "und": "Onbekende of ongeldige taal",
          "ur": "Oerdoe",
          "uz": "Oezbeeks",
          "vai": "Vai",
          "ve": "Venda",
          "vec": "vec",
          "vep": "vep",
          "vi": "Viëtnamees",
          "vls": "vls",
          "vmf": "vmf",
          "vo": "vo",
          "vot": "vot",
          "vro": "vro",
          "vun": "Vunjo",
          "wa": "wa",
          "wae": "wae",
          "wal": "wal",
          "war": "war",
          "was": "was",
          "wo": "Wolof",
          "wuu": "wuu",
          "xal": "xal",
          "xh": "Xhosa",
          "xmf": "xmf",
          "xog": "Soga",
          "yao": "yao",
          "yap": "yap",
          "yav": "yav",
          "ybb": "ybb",
          "yi": "Jiddisj",
          "yo": "Yoruba",
          "yrl": "yrl",
          "yue": "Kantonees",
          "za": "za",
          "zap": "zap",
          "zbl": "zbl",
          "zea": "zea",
          "zen": "zen",
          "zgh": "Standaard Marokkaanse Tamazight",
          "zh": "Sjinees",
          "zh-Hans": "zh_Hans",
          "zh-Hant": "zh_Hant",
          "zu": "Zoeloe",
          "zun": "zun",
          "zxx": "Geen linguistiese inhoud",
          "zza": "zza"
        }
      }
    }
  }
}
