{
  "main": {
    "af-NA": {
      "identity": {
        "version": {
          "_cldrVersion": "26",
          "_number": "$Revision: 10819 $"
        },
        "generation": {
          "_date": "$Date: 2014-08-14 22:53:08 -0500 (Thu, 14 Aug 2014) $"
        },
        "language": "af",
        "territory": "NA"
      },
      "localeDisplayNames": {
        "localeDisplayPattern": {
          "localePattern": "{0} ({1})",
          "localeSeparator": "{0}, {1}",
          "localeKeyTypePattern": "{0}: {1}"
        },
        "keys": {
          "calendar": "Kalender",
          "colAlternate": "Ignoreer simboolsortering",
          "colBackwards": "Omgekeerde aksentsortering",
          "colCaseFirst": "Hoofletters/kleinletters-sortering",
          "colCaseLevel": "Kassensitiewe sortering",
          "colHiraganaQuaternary": "Kana-sortering",
          "colNormalization": "Genormaliseerde sortering",
          "colNumeric": "Numeriese sortering",
          "colStrength": "Sorteringssterkte",
          "collation": "Sorteervolgorde",
          "currency": "Geldeenheid",
          "numbers": "Syfers",
          "timezone": "Tydsone",
          "va": "Lokaalvariant",
          "variableTop": "Sorteer as simbole",
          "x": "Privaat gebruik"
        },
        "types": {
          "numbers": {
            "arab": "Arabies-Indiese syfers",
            "arabext": "Uitgebreide Arabies-Indiese syfers",
            "armn": "Armeense syfers",
            "armnlow": "Armeense kleinletter-syfers",
            "bali": "bali",
            "beng": "Bengaalse syfers"
          },
          "collation": {
            "big5han": "Tradisionele Chinese sorteervolgorde - Groot5"
          },
          "numbers": {
            "brah": "brah"
          },
          "calendar": {
            "buddhist": "Boeddhistiese kalender"
          },
          "numbers": {
            "cakm": "cakm",
            "cham": "cham"
          },
          "calendar": {
            "chinese": "Sjinese kalender",
            "coptic": "Koptiese kalender",
            "dangi": "Dangi-kalender"
          },
          "numbers": {
            "deva": "Devanagari-syfers"
          },
          "collation": {
            "dictionary": "Woordeboek-sorteervolgorde",
            "ducet": "Verstek Unicode-sorteervolgorde",
            "eor": "eor"
          },
          "numbers": {
            "ethi": "Ethiopiese syfers"
          },
          "calendar": {
            "ethiopic": "Ethiopiese kalender",
            "ethiopic-amete-alem": "Etiopiese Amete Alem-kalender"
          },
          "numbers": {
            "finance": "Finansiële syfers",
            "fullwide": "Vollewydte-syfers"
          },
          "collation": {
            "gb2312han": "Vereenvoudigde Chinese sorteervolgorde - GB2312"
          },
          "numbers": {
            "geor": "Georgiese syfers"
          },
          "calendar": {
            "gregorian": "Gregoriese kalender"
          },
          "numbers": {
            "grek": "Griekse syfers",
            "greklow": "Griekse kleinletter-syfers",
            "gujr": "Goedjarati-syfers",
            "guru": "Gurmukhi-syfers",
            "hanidec": "Chinese desimale syfers",
            "hans": "Vereenvoudigde Chinese syfers",
            "hansfin": "Vereenvoudigde Chinese finansiële syfers",
            "hant": "Tradisionele Chinese syfers",
            "hantfin": "Tradisionele Chinese finansiële syfers",
            "hebr": "Hebreeuse syfers"
          },
          "calendar": {
            "hebrew": "Hebreeuse kalender"
          },
          "colStrength": {
            "identical": "Sorteer almal"
          },
          "calendar": {
            "indian": "Indiese nasionale kalender",
            "islamic": "Islamitiese kalender",
            "islamic-civil": "Islamitiese siviele kalender",
            "islamic-rgsa": "islamic-rgsa",
            "islamic-tbla": "islamic-tbla",
            "islamic-umalqura": "islamic-umalqura",
            "iso8601": "ISO-8601-kalender",
            "japanese": "Japannese kalender"
          },
          "numbers": {
            "java": "java",
            "jpan": "Japannese syfers",
            "jpanfin": "Japannese finansiële syfers",
            "kali": "kali",
            "khmr": "Khmer-syfers",
            "knda": "Kannada-syfers",
            "lana": "lana",
            "lanatham": "lanatham",
            "laoo": "Lao-syfers",
            "latn": "Westerse syfers",
            "lepc": "lepc",
            "limb": "limb"
          },
          "colCaseFirst": {
            "lower": "Sorteer kleinletters veerste"
          },
          "numbers": {
            "mlym": "Malabaarse syfers",
            "mong": "Mongoliese syfers",
            "mtei": "mtei",
            "mymr": "Mianmar-syfers",
            "mymrshan": "mymrshan",
            "native": "Inheemse syfers",
            "nkoo": "nkoo"
          },
          "colBackwards": {
            "no": "Sorteer aksente gewoonweg"
          },
          "colCaseFirst": {
            "no": "Sorteer gewone letterorde"
          },
          "colCaseLevel": {
            "no": "Sorteer nie kassensitief nie"
          },
          "colHiraganaQuaternary": {
            "no": "Sorteer Kana afsonderlik"
          },
          "colNormalization": {
            "no": "Sorteer sonder normalisering"
          },
          "colNumeric": {
            "no": "Sorteer syfers individueel"
          },
          "colAlternate": {
            "non-ignorable": "Sorteer simbole"
          },
          "numbers": {
            "olck": "olck",
            "orya": "Oriya-syfers",
            "osma": "osma"
          },
          "calendar": {
            "persian": "Persiese kalender"
          },
          "collation": {
            "phonebook": "Foonboek-sorteervolgorde",
            "phonetic": "Fonetiese sorteerorde",
            "pinyin": "Pinyin-sorteervolgorde"
          },
          "colStrength": {
            "primary": "Sorteer slegs basisletters",
            "quaternary": "Sorteer aksente/kas/breedte/Kana"
          },
          "collation": {
            "reformed": "Gereformeerde sorteervolgorde"
          },
          "calendar": {
            "roc": "Minguo-kalender"
          },
          "numbers": {
            "roman": "Romeinse syfers",
            "romanlow": "Romeinse kleinletter-syfers",
            "saur": "saur"
          },
          "collation": {
            "search": "Algemenedoel-soektog",
            "searchjl": "Soek volgens Hangul-beginkonsonant"
          },
          "colStrength": {
            "secondary": "Sorteer aksente"
          },
          "colAlternate": {
            "shifted": "Sorteer ignoreersimbole"
          },
          "numbers": {
            "shrd": "shrd",
            "sora": "sora"
          },
          "collation": {
            "standard": "Standaard sorteervolgorde",
            "stroke": "Slag-sorteervolgorde"
          },
          "numbers": {
            "sund": "sund",
            "takr": "takr",
            "talu": "talu",
            "taml": "Tradisionele Tamil-syfers",
            "tamldec": "Tamil-syfers",
            "telu": "Telugu-syfers"
          },
          "colStrength": {
            "tertiary": "Sorteer aksente/kas/breedte"
          },
          "numbers": {
            "thai": "Thaise syfers",
            "tibt": "Tibettaanse syfers"
          },
          "collation": {
            "traditional": "Tradisionele sorteervolgorde"
          },
          "numbers": {
            "traditional": "Tradisionele syfers"
          },
          "collation": {
            "unihan": "Radikale-slag-sorteervolgorde"
          },
          "colCaseFirst": {
            "upper": "Sorteer hoofletters eerste"
          },
          "numbers": {
            "vaii": "Vai-syfers"
          },
          "colBackwards": {
            "yes": "Sorteer aksente omgekeerd"
          },
          "colCaseLevel": {
            "yes": "Sorteer kassensitief"
          },
          "colHiraganaQuaternary": {
            "yes": "Sorteer Kana anders"
          },
          "colNormalization": {
            "yes": "Sorteer Unicode genormaliseer"
          },
          "colNumeric": {
            "yes": "Sorteer syfers numeries"
          },
          "collation": {
            "zhuyin": "zhuyin"
          }
        },
        "codePatterns": {
          "language": "Taal: {0}",
          "script": "Skrif: {0}",
          "territory": "Streek: {0}"
        }
      }
    }
  }
}
