{
  "main": {
    "af-NA": {
      "identity": {
        "version": {
          "_cldrVersion": "26",
          "_number": "$Revision: 10819 $"
        },
        "generation": {
          "_date": "$Date: 2014-08-14 22:53:08 -0500 (Thu, 14 Aug 2014) $"
        },
        "language": "af",
        "territory": "NA"
      },
      "localeDisplayNames": {
        "measurementSystemNames": {
          "US": "VSA",
          "metric": "Metriek",
          "UK": "VK"
        }
      }
    }
  }
}
