{
  "main": {
    "af-NA": {
      "identity": {
        "version": {
          "_cldrVersion": "26",
          "_number": "$Revision: 10819 $"
        },
        "generation": {
          "_date": "$Date: 2014-08-14 22:53:08 -0500 (Thu, 14 Aug 2014) $"
        },
        "language": "af",
        "territory": "NA"
      },
      "localeDisplayNames": {
        "transformNames": {
          "BGN": "BGN",
          "Numeric": "Numeries",
          "Tone": "Toon",
          "UNGEGN": "UNGEGN",
          "x-Accents": "Aksente",
          "x-Fullwidth": "Vollewydte",
          "x-Halfwidth": "halfwydte",
          "x-Jamo": "Jamo",
          "x-Pinyin": "Pinyin",
          "x-Publishing": "Publisering"
        }
      }
    }
  }
}
