{
  "main": {
    "am-ET": {
      "identity": {
        "version": {
          "_cldrVersion": "26",
          "_number": "$Revision: 10669 $"
        },
        "generation": {
          "_date": "$Date: 2014-07-23 16:10:33 -0500 (Wed, 23 Jul 2014) $"
        },
        "language": "am",
        "territory": "ET"
      },
      "dates": {
        "calendars": {
          "gregorian": {
            "months": {
              "format": {
                "abbreviated": {
                  "1": "ጃንዩ",
                  "2": "ፌብሩ",
                  "3": "ማርች",
                  "4": "ኤፕሪ",
                  "5": "ሜይ",
                  "6": "ጁን",
                  "7": "ጁላይ",
                  "8": "ኦገስ",
                  "9": "ሴፕቴ",
                  "10": "ኦክቶ",
                  "11": "ኖቬም",
                  "12": "ዲሴም"
                },
                "narrow": {
                  "1": "ጃ",
                  "2": "ፌ",
                  "3": "ማ",
                  "4": "ኤ",
                  "5": "ሜ",
                  "6": "ጁ",
                  "7": "ጁ",
                  "8": "ኦ",
                  "9": "ሴ",
                  "10": "ኦ",
                  "11": "ኖ",
                  "12": "ዲ"
                },
                "wide": {
                  "1": "ጃንዩወሪ",
                  "2": "ፌብሩወሪ",
                  "3": "ማርች",
                  "4": "ኤፕሪል",
                  "5": "ሜይ",
                  "6": "ጁን",
                  "7": "ጁላይ",
                  "8": "ኦገስት",
                  "9": "ሴፕቴምበር",
                  "10": "ኦክቶበር",
                  "11": "ኖቬምበር",
                  "12": "ዲሴምበር"
                }
              },
              "stand-alone": {
                "abbreviated": {
                  "1": "ጃንዩ",
                  "2": "ፌብሩ",
                  "3": "ማርች",
                  "4": "ኤፕሪ",
                  "5": "ሜይ",
                  "6": "ጁን",
                  "7": "ጁላይ",
                  "8": "ኦገስ",
                  "9": "ሴፕቴ",
                  "10": "ኦክቶ",
                  "11": "ኖቬም",
                  "12": "ዲሴም"
                },
                "narrow": {
                  "1": "ጃ",
                  "2": "ፌ",
                  "3": "ማ",
                  "4": "ኤ",
                  "5": "ሜ",
                  "6": "ጁ",
                  "7": "ጁ",
                  "8": "ኦ",
                  "9": "ሴ",
                  "10": "ኦ",
                  "11": "ኖ",
                  "12": "ዲ"
                },
                "wide": {
                  "1": "ጃንዩወሪ",
                  "2": "ፌብሩወሪ",
                  "3": "ማርች",
                  "4": "ኤፕሪል",
                  "5": "ሜይ",
                  "6": "ጁን",
                  "7": "ጁላይ",
                  "8": "ኦገስት",
                  "9": "ሴፕቴምበር",
                  "10": "ኦክቶበር",
                  "11": "ኖቬምበር",
                  "12": "ዲሴምበር"
                }
              }
            },
            "days": {
              "format": {
                "abbreviated": {
                  "sun": "እሑድ",
                  "mon": "ሰኞ",
                  "tue": "ማክሰ",
                  "wed": "ረቡዕ",
                  "thu": "ሐሙስ",
                  "fri": "ዓርብ",
                  "sat": "ቅዳሜ"
                },
                "narrow": {
                  "sun": "እ",
                  "mon": "ሰ",
                  "tue": "ማ",
                  "wed": "ረ",
                  "thu": "ሐ",
                  "fri": "ዓ",
                  "sat": "ቅ"
                },
                "short": {
                  "sun": "እ",
                  "mon": "ሰ",
                  "tue": "ማ",
                  "wed": "ረ",
                  "thu": "ሐ",
                  "fri": "ዓ",
                  "sat": "ቅ"
                },
                "wide": {
                  "sun": "እሑድ",
                  "mon": "ሰኞ",
                  "tue": "ማክሰኞ",
                  "wed": "ረቡዕ",
                  "thu": "ሐሙስ",
                  "fri": "ዓርብ",
                  "sat": "ቅዳሜ"
                }
              },
              "stand-alone": {
                "abbreviated": {
                  "sun": "እሑድ",
                  "mon": "ሰኞ",
                  "tue": "ማክሰ",
                  "wed": "ረቡዕ",
                  "thu": "ሐሙስ",
                  "fri": "ዓርብ",
                  "sat": "ቅዳሜ"
                },
                "narrow": {
                  "sun": "እ",
                  "mon": "ሰ",
                  "tue": "ማ",
                  "wed": "ረ",
                  "thu": "ሐ",
                  "fri": "ዓ",
                  "sat": "ቅ"
                },
                "short": {
                  "sun": "እ",
                  "mon": "ሰ",
                  "tue": "ማ",
                  "wed": "ረ",
                  "thu": "ሐ",
                  "fri": "ዓ",
                  "sat": "ቅ"
                },
                "wide": {
                  "sun": "እሑድ",
                  "mon": "ሰኞ",
                  "tue": "ማክሰኞ",
                  "wed": "ረቡዕ",
                  "thu": "ሐሙስ",
                  "fri": "ዓርብ",
                  "sat": "ቅዳሜ"
                }
              }
            },
            "quarters": {
              "format": {
                "abbreviated": {
                  "1": "ሩብ1",
                  "2": "ሩብ2",
                  "3": "ሩብ3",
                  "4": "ሩብ4"
                },
                "narrow": {
                  "1": "1",
                  "2": "2",
                  "3": "3",
                  "4": "4"
                },
                "wide": {
                  "1": "1ኛው ሩብ",
                  "2": "ሁለተኛው ሩብ",
                  "3": "3ኛው ሩብ",
                  "4": "4ኛው ሩብ"
                }
              },
              "stand-alone": {
                "abbreviated": {
                  "1": "ሩብ1",
                  "2": "ሩብ2",
                  "3": "ሩብ3",
                  "4": "ሩብ4"
                },
                "narrow": {
                  "1": "1",
                  "2": "2",
                  "3": "3",
                  "4": "4"
                },
                "wide": {
                  "1": "1ኛው ሩብ",
                  "2": "2ኛው ሩብ",
                  "3": "3ኛው ሩብ",
                  "4": "4ኛው ሩብ"
                }
              }
            },
            "dayPeriods": {
              "format": {
                "abbreviated": {
                  "am": "ጥዋት",
                  "noon": "ቀትር",
                  "pm": "ከሰዓት"
                },
                "narrow": {
                  "am": "ጠ",
                  "noon": "ቀ",
                  "pm": "ከ"
                },
                "wide": {
                  "am": "ጥዋት",
                  "noon": "ቀትር",
                  "pm": "ከሰዓት"
                }
              },
              "stand-alone": {
                "abbreviated": {
                  "am": "ጥዋት",
                  "noon": "ቀትር",
                  "pm": "ከሰዓት"
                },
                "narrow": {
                  "am": "ጠ",
                  "noon": "ቀ",
                  "pm": "ከ"
                },
                "wide": {
                  "am": "ጥዋት",
                  "noon": "ቀትር",
                  "pm": "ከሰዓት"
                }
              }
            },
            "eras": {
              "eraNames": {
                "0": "ዓመተ ዓለም",
                "0-alt-variant": "BCE",
                "1": "ዓመተ ምሕረት",
                "1-alt-variant": "CE"
              },
              "eraAbbr": {
                "0": "ዓ/ዓ",
                "0-alt-variant": "BCE",
                "1": "ዓ/ም",
                "1-alt-variant": "CE"
              },
              "eraNarrow": {
                "0": "ዓ/ዓ",
                "0-alt-variant": "BCE",
                "1": "ዓ/ም",
                "1-alt-variant": "CE"
              }
            },
            "dateFormats": {
              "full": "EEEE, d MMMM y",
              "long": "d MMMM y",
              "medium": "d MMM y",
              "short": "dd/MM/y"
            },
            "timeFormats": {
              "full": "h:mm:ss a zzzz",
              "long": "h:mm:ss a z",
              "medium": "h:mm:ss a",
              "short": "h:mm a"
            },
            "dateTimeFormats": {
              "full": "{1} {0}",
              "long": "{1} {0}",
              "medium": "{1} {0}",
              "short": "{1} {0}",
              "availableFormats": {
                "E": "ccc",
                "EHm": "E HH:mm",
                "EHms": "E HH:mm:ss",
                "Ed": "E d",
                "Ehm": "E h:mm a",
                "Ehms": "E h:mm:ss a",
                "Gy": "y G",
                "GyMMM": "MMM y G",
                "GyMMMEd": "E፣ MMM d፣ y G",
                "GyMMMd": "MMM d፣ y G",
                "H": "H",
                "Hm": "HH:mm",
                "Hms": "HH:mm:ss",
                "M": "L",
                "MEd": "E, M/d",
                "MMM": "LLL",
                "MMMEd": "E, MMM d",
                "MMMMEd": "E, MMMM d",
                "MMMMd": "MMMM d",
                "MMMd": "MMM d",
                "Md": "M/d",
                "d": "d",
                "h": "h a",
                "hm": "h:mm a",
                "hms": "h:mm:ss a",
                "ms": "mm:ss",
                "y": "y",
                "yM": "M/y",
                "yMEd": "E፣ d/M/y",
                "yMMM": "MMM y",
                "yMMMEd": "E፣ MMM d y",
                "yMMMM": "MMMM y",
                "yMMMd": "d MMM y",
                "yMd": "d/M/y",
                "yQQQ": "QQQ y",
                "yQQQQ": "QQQQ y"
              },
              "appendItems": {
                "Day": "{0} ({2}: {1})",
                "Day-Of-Week": "{0} {1}",
                "Era": "{1} {0}",
                "Hour": "{0} ({2}: {1})",
                "Minute": "{0} ({2}: {1})",
                "Month": "{0} ({2}: {1})",
                "Quarter": "{0} ({2}: {1})",
                "Second": "{0} ({2}: {1})",
                "Timezone": "{0} {1}",
                "Week": "{0} ({2}: {1})",
                "Year": "{1} {0}"
              },
              "intervalFormats": {
                "intervalFormatFallback": "{0} – {1}",
                "H": {
                  "H": "HH–HH"
                },
                "Hm": {
                  "H": "HH:mm–HH:mm",
                  "m": "HH:mm–HH:mm"
                },
                "Hmv": {
                  "H": "HH:mm–HH:mm v",
                  "m": "HH:mm–HH:mm v"
                },
                "Hv": {
                  "H": "HH–HH v"
                },
                "M": {
                  "M": "M–M"
                },
                "MEd": {
                  "M": "E፣ d/M – E፣ d/M",
                  "d": "E d/M – E d/M"
                },
                "MMM": {
                  "M": "MMM–MMM"
                },
                "MMMEd": {
                  "M": "E፣ MMM d – E፣ MMM d",
                  "d": "E d – E d፣ MMM"
                },
                "MMMd": {
                  "M": "MMM d – MMM d",
                  "d": "MMM d–d"
                },
                "Md": {
                  "M": "d/M – d/M",
                  "d": "d–d/M"
                },
                "d": {
                  "d": "d–d"
                },
                "h": {
                  "a": "h a – h a",
                  "h": "h – h a"
                },
                "hm": {
                  "a": "h:mm a – h:mm a",
                  "h": "h:mm – h:mm a",
                  "m": "h:mm – h:mm a"
                },
                "hmv": {
                  "a": "h:mm a – h:mm a v",
                  "h": "h:mm – h:mm a v",
                  "m": "h:mm – h:mm a v"
                },
                "hv": {
                  "a": "h a – h a v",
                  "h": "h – h a v"
                },
                "y": {
                  "y": "y–y"
                },
                "yM": {
                  "M": "M/y – M/y",
                  "y": "M/y – M/y"
                },
                "yMEd": {
                  "M": "E d/M/ – E d/M፣ y",
                  "d": "E፣ d/M/y – E፣ d/M/y",
                  "y": "E፣ d/M/y – E፣ d/M/y"
                },
                "yMMM": {
                  "M": "MMM–MMM፣ y",
                  "y": "MMM y – MMM y"
                },
                "yMMMEd": {
                  "M": "E MMM d – E MMM d፣ y",
                  "d": "E MMM d – E MMM d፣ y",
                  "y": "E፣ MMM d፣ y – E፣ MMM d፣ y"
                },
                "yMMMM": {
                  "M": "MMMM–MMMM y",
                  "y": "MMMM y – MMMM y"
                },
                "yMMMd": {
                  "M": "MMM d – MMM d፣ y",
                  "d": "MMM d–d፣ y",
                  "y": "MMM d፣ y – MMM d፣ y"
                },
                "yMd": {
                  "M": "d/M/y – d/M/y",
                  "d": "d/M/y – d/M/y",
                  "y": "d/M/y – d/M/y"
                }
              }
            }
          }
        }
      }
    }
  }
}
