{
  "main": {
    "am-ET": {
      "identity": {
        "version": {
          "_cldrVersion": "26",
          "_number": "$Revision: 10669 $"
        },
        "generation": {
          "_date": "$Date: 2014-07-23 16:10:33 -0500 (Wed, 23 Jul 2014) $"
        },
        "language": "am",
        "territory": "ET"
      },
      "dates": {
        "fields": {
          "era": {
            "displayName": "ዘመን"
          },
          "year": {
            "displayName": "ዓመት",
            "relative-type--1": "ያለፈው ዓመት",
            "relative-type-0": "በዚህ ዓመት",
            "relative-type-1": "የሚቀጥለው ዓመት",
            "relativeTime-type-future": {
              "relativeTimePattern-count-one": "በ{0} ዓመታት ውስጥ",
              "relativeTimePattern-count-other": "በ{0} ዓመታት ውስጥ"
            },
            "relativeTime-type-past": {
              "relativeTimePattern-count-one": "ከ{0} ዓመት በፊት",
              "relativeTimePattern-count-other": "ከ{0} ዓመታት በፊት"
            }
          },
          "year-short": {
            "displayName": "ዓመት",
            "relative-type--1": "ያለፈው ዓመት",
            "relative-type-0": "በዚህ ዓመት",
            "relative-type-1": "የሚቀጥለው ዓመት",
            "relativeTime-type-future": {
              "relativeTimePattern-count-one": "በ{0} ዓመታት ውስጥ",
              "relativeTimePattern-count-other": "በ{0} ዓመታት ውስጥ"
            },
            "relativeTime-type-past": {
              "relativeTimePattern-count-one": "ከ{0} ዓመታት በፊት",
              "relativeTimePattern-count-other": "ከ{0} ዓመታት በፊት"
            }
          },
          "year-narrow": {
            "displayName": "ዓመት",
            "relative-type--1": "ያለፈው ዓመት",
            "relative-type-0": "በዚህ ዓመት",
            "relative-type-1": "የሚቀጥለው ዓመት",
            "relativeTime-type-future": {
              "relativeTimePattern-count-one": "በ{0} ዓመታት ውስጥ",
              "relativeTimePattern-count-other": "በ{0} ዓመታት ውስጥ"
            },
            "relativeTime-type-past": {
              "relativeTimePattern-count-one": "ከ{0} ዓመታት በፊት",
              "relativeTimePattern-count-other": "ከ{0} ዓመታት በፊት"
            }
          },
          "quarter": {
            "displayName": "ሩብ",
            "relative-type--1": "last quarter",
            "relative-type-0": "this quarter",
            "relative-type-1": "next quarter",
            "relativeTime-type-future": {
              "relativeTimePattern-count-one": "+{0} ሩብ",
              "relativeTimePattern-count-other": "+{0} ሩብ"
            },
            "relativeTime-type-past": {
              "relativeTimePattern-count-one": "-{0} Q ሩብ",
              "relativeTimePattern-count-other": "-{0} Q ሩብ"
            }
          },
          "quarter-short": {
            "displayName": "ሩብ",
            "relative-type--1": "last quarter",
            "relative-type-0": "this quarter",
            "relative-type-1": "next quarter",
            "relativeTime-type-future": {
              "relativeTimePattern-count-one": "+{0} ሩብ",
              "relativeTimePattern-count-other": "+{0} ሩብ"
            },
            "relativeTime-type-past": {
              "relativeTimePattern-count-one": "-{0} Q ሩብ",
              "relativeTimePattern-count-other": "-{0} Q ሩብ"
            }
          },
          "quarter-narrow": {
            "displayName": "ሩብ",
            "relative-type--1": "last quarter",
            "relative-type-0": "this quarter",
            "relative-type-1": "next quarter",
            "relativeTime-type-future": {
              "relativeTimePattern-count-one": "+{0} ሩብ",
              "relativeTimePattern-count-other": "+{0} ሩብ"
            },
            "relativeTime-type-past": {
              "relativeTimePattern-count-one": "-{0} Q ሩብ",
              "relativeTimePattern-count-other": "-{0} Q ሩብ"
            }
          },
          "month": {
            "displayName": "ወር",
            "relative-type--1": "ያለፈው ወር",
            "relative-type-0": "በዚህ ወር",
            "relative-type-1": "የሚቀጥለው ወር",
            "relativeTime-type-future": {
              "relativeTimePattern-count-one": "በ{0} ወር ውስጥ",
              "relativeTimePattern-count-other": "በ{0} ወራት ውስጥ"
            },
            "relativeTime-type-past": {
              "relativeTimePattern-count-one": "ከ{0} ወር በፊት",
              "relativeTimePattern-count-other": "ከ{0} ወራት በፊት"
            }
          },
          "month-short": {
            "displayName": "ወር",
            "relative-type--1": "ያለፈው ወር",
            "relative-type-0": "በዚህ ወር",
            "relative-type-1": "የሚቀጥለው ወር",
            "relativeTime-type-future": {
              "relativeTimePattern-count-one": "በ{0} ወራት ውስጥ",
              "relativeTimePattern-count-other": "በ{0} ወራት ውስጥ"
            },
            "relativeTime-type-past": {
              "relativeTimePattern-count-one": "ከ{0} ወራት በፊት",
              "relativeTimePattern-count-other": "ከ{0} ወራት በፊት"
            }
          },
          "month-narrow": {
            "displayName": "ወር",
            "relative-type--1": "ያለፈው ወር",
            "relative-type-0": "በዚህ ወር",
            "relative-type-1": "የሚቀጥለው ወር",
            "relativeTime-type-future": {
              "relativeTimePattern-count-one": "በ{0} ወራት ውስጥ",
              "relativeTimePattern-count-other": "በ{0} ወራት ውስጥ"
            },
            "relativeTime-type-past": {
              "relativeTimePattern-count-one": "ከ{0} ወራት በፊት",
              "relativeTimePattern-count-other": "ከ{0} ወራት በፊት"
            }
          },
          "week": {
            "displayName": "ሳምንት",
            "relative-type--1": "ባለፈው ሳምንት",
            "relative-type-0": "በዚህ ሳምንት",
            "relative-type-1": "የሚቀጥለው ሳምንት",
            "relativeTime-type-future": {
              "relativeTimePattern-count-one": "በ{0} ሳምንት ውስጥ",
              "relativeTimePattern-count-other": "በ{0} ሳምንታት ውስጥ"
            },
            "relativeTime-type-past": {
              "relativeTimePattern-count-one": "ከ{0} ሳምንት በፊት",
              "relativeTimePattern-count-other": "ከ{0} ሳምንታት በፊት"
            }
          },
          "week-short": {
            "displayName": "ሳምንት",
            "relative-type--1": "ባለፈው ሳምንት",
            "relative-type-0": "በዚህ ሳምንት",
            "relative-type-1": "የሚቀጥለው ሳምንት",
            "relativeTime-type-future": {
              "relativeTimePattern-count-one": "በ{0} ሳምንታት ውስጥ",
              "relativeTimePattern-count-other": "በ{0} ሳምንታት ውስጥ"
            },
            "relativeTime-type-past": {
              "relativeTimePattern-count-one": "ከ{0} ሳምንታት በፊት",
              "relativeTimePattern-count-other": "ከ{0} ሳምንታት በፊት"
            }
          },
          "week-narrow": {
            "displayName": "ሳምንት",
            "relative-type--1": "ባለፈው ሳምንት",
            "relative-type-0": "በዚህ ሳምንት",
            "relative-type-1": "የሚቀጥለው ሳምንት",
            "relativeTime-type-future": {
              "relativeTimePattern-count-one": "በ{0} ሳምንታት ውስጥ",
              "relativeTimePattern-count-other": "በ{0} ሳምንታት ውስጥ"
            },
            "relativeTime-type-past": {
              "relativeTimePattern-count-one": "ከ{0} ሳምንታት በፊት",
              "relativeTimePattern-count-other": "ከ{0} ሳምንታት በፊት"
            }
          },
          "day": {
            "displayName": "ቀን",
            "relative-type--1": "ትናንት",
            "relative-type--2": "ከትናንት ወዲያ",
            "relative-type-0": "ዛሬ",
            "relative-type-1": "ነገ",
            "relative-type-2": "ከነገ ወዲያ",
            "relativeTime-type-future": {
              "relativeTimePattern-count-one": "በ{0} ቀን ውስጥ",
              "relativeTimePattern-count-other": "በ{0} ቀናት ውስጥ"
            },
            "relativeTime-type-past": {
              "relativeTimePattern-count-one": "ከ{0} ቀን በፊት",
              "relativeTimePattern-count-other": "ከ{0} ቀናት በፊት"
            }
          },
          "day-short": {
            "displayName": "ቀን",
            "relative-type--1": "ትናንት",
            "relative-type--2": "ከትናንት ወዲያ",
            "relative-type-0": "ዛሬ",
            "relative-type-1": "ነገ",
            "relative-type-2": "ከነገ ወዲያ",
            "relativeTime-type-future": {
              "relativeTimePattern-count-one": "በ{0} ቀን ውስጥ",
              "relativeTimePattern-count-other": "በ{0} ቀኖች ውስጥ"
            },
            "relativeTime-type-past": {
              "relativeTimePattern-count-one": "ከ {0} ቀን በፊት",
              "relativeTimePattern-count-other": "ከ{0} ቀኖች በፊት"
            }
          },
          "day-narrow": {
            "displayName": "ቀን",
            "relative-type--1": "ትናንት",
            "relative-type--2": "ከትናንት ወዲያ",
            "relative-type-0": "ዛሬ",
            "relative-type-1": "ነገ",
            "relative-type-2": "ከነገ ወዲያ",
            "relativeTime-type-future": {
              "relativeTimePattern-count-one": "በ{0} ቀን ውስጥ",
              "relativeTimePattern-count-other": "በ{0} ቀኖች ውስጥ"
            },
            "relativeTime-type-past": {
              "relativeTimePattern-count-one": "ከ {0} ቀን በፊት",
              "relativeTimePattern-count-other": "ከ{0} ቀኖች በፊት"
            }
          },
          "weekday": {
            "displayName": "አዘቦት"
          },
          "sun": {
            "relative-type--1": "ያለፈው እሑድ",
            "relative-type-0": "የአሁኑ እሑድ",
            "relative-type-1": "የሚቀጥለው እሑድ"
          },
          "sun-short": {
            "relative-type--1": "ያለፈው እሑድ",
            "relative-type-0": "የአሁኑ እሑድ",
            "relative-type-1": "የሚቀጥለው እሑድ"
          },
          "sun-narrow": {
            "relative-type--1": "ያለፈው እሑድ",
            "relative-type-0": "የአሁኑ እሑድ",
            "relative-type-1": "የሚቀጥለው እሑድ"
          },
          "mon": {
            "relative-type--1": "ያለፈው ሰኞ",
            "relative-type-0": "የአሁኑ ሰኞ",
            "relative-type-1": "የሚቀጥለው ሰኞ"
          },
          "mon-short": {
            "relative-type--1": "ያለፈው ሰኞ",
            "relative-type-0": "የአሁኑ ሰኞ",
            "relative-type-1": "የሚቀጥለው ሰኞ"
          },
          "mon-narrow": {
            "relative-type--1": "ያለፈው ሰኞ",
            "relative-type-0": "የአሁኑ ሰኞ",
            "relative-type-1": "የሚቀጥለው ሰኞ"
          },
          "tue": {
            "relative-type--1": "ያለፈው ማክሰኞ",
            "relative-type-0": "የአሁኑ ማክሰኞ",
            "relative-type-1": "የሚቀጥለው ማክሰኞ"
          },
          "tue-short": {
            "relative-type--1": "ያለፈው ማክሰኞ",
            "relative-type-0": "የአሁኑ ማክሰኞ",
            "relative-type-1": "የሚቀጥለው ማክሰኞ"
          },
          "tue-narrow": {
            "relative-type--1": "ያለፈው ማክሰኞ",
            "relative-type-0": "የአሁኑ ማክሰኞ",
            "relative-type-1": "የሚቀጥለው ማክሰኞ"
          },
          "wed": {
            "relative-type--1": "ያለፈው ረቡዕ",
            "relative-type-0": "የአሁኑ ረቡዕ",
            "relative-type-1": "የሚቀጥለው ረቡዕ"
          },
          "wed-short": {
            "relative-type--1": "ያለፈው ረቡዕ",
            "relative-type-0": "የአሁኑ ረቡዕ",
            "relative-type-1": "የሚቀጥለው ረቡዕ"
          },
          "wed-narrow": {
            "relative-type--1": "ያለፈው ረቡዕ",
            "relative-type-0": "የአሁኑ ረቡዕ",
            "relative-type-1": "የሚቀጥለው ረቡዕ"
          },
          "thu": {
            "relative-type--1": "ያለፈው ሐሙስ",
            "relative-type-0": "የአሁኑ ሐሙስ",
            "relative-type-1": "የሚቀጥለው ሐሙስ"
          },
          "thu-short": {
            "relative-type--1": "ያለፈው ሐሙስ",
            "relative-type-0": "የአሁኑ ሐሙስ",
            "relative-type-1": "የሚቀጥለው ሐሙስ"
          },
          "thu-narrow": {
            "relative-type--1": "ያለፈው ሐሙስ",
            "relative-type-0": "የአሁኑ ሐሙስ",
            "relative-type-1": "የሚቀጥለው ሐሙስ"
          },
          "fri": {
            "relative-type--1": "ያለፈው ዓርብ",
            "relative-type-0": "የአሁኑ ዓርብ",
            "relative-type-1": "የሚቀጥለው ዓርብ"
          },
          "fri-short": {
            "relative-type--1": "ያለፈው ዓርብ",
            "relative-type-0": "የአሁኑ ዓርብ",
            "relative-type-1": "የሚቀጥለው ዓርብ"
          },
          "fri-narrow": {
            "relative-type--1": "ያለፈው ዓርብ",
            "relative-type-0": "የአሁኑ ዓርብ",
            "relative-type-1": "የሚቀጥለው ዓርብ"
          },
          "sat": {
            "relative-type--1": "ያለፈው ቅዳሜ",
            "relative-type-0": "የአሁኑ ቅዳሜ",
            "relative-type-1": "የሚቀጥለው ቅዳሜ"
          },
          "sat-short": {
            "relative-type--1": "ያለፈው ቅዳሜ",
            "relative-type-0": "የአሁኑ ቅዳሜ",
            "relative-type-1": "የሚቀጥለው ቅዳሜ"
          },
          "sat-narrow": {
            "relative-type--1": "ያለፈው ቅዳሜ",
            "relative-type-0": "የአሁኑ ቅዳሜ",
            "relative-type-1": "የሚቀጥለው ቅዳሜ"
          },
          "dayperiod": {
            "displayName": "ጥዋት/ከሰዓት"
          },
          "hour": {
            "displayName": "ሰዓት",
            "relativeTime-type-future": {
              "relativeTimePattern-count-one": "በ{0} ሰዓት ውስጥ",
              "relativeTimePattern-count-other": "በ{0} ሰዓቶች ውስጥ"
            },
            "relativeTime-type-past": {
              "relativeTimePattern-count-one": "ከ{0} ሰዓት በፊት",
              "relativeTimePattern-count-other": "ከ{0} ሰዓቶች በፊት"
            }
          },
          "hour-short": {
            "displayName": "ሰዓት",
            "relativeTime-type-future": {
              "relativeTimePattern-count-one": "በ{0} ሰዓት ውስጥ",
              "relativeTimePattern-count-other": "በ{0} ሰዓቶች ውስጥ"
            },
            "relativeTime-type-past": {
              "relativeTimePattern-count-one": "ከ{0} ሰዓት በፊት",
              "relativeTimePattern-count-other": "ከ{0} ሰዓቶች በፊት"
            }
          },
          "hour-narrow": {
            "displayName": "ሰዓት",
            "relativeTime-type-future": {
              "relativeTimePattern-count-one": "በ{0} ሰዓት ውስጥ",
              "relativeTimePattern-count-other": "በ{0} ሰዓቶች ውስጥ"
            },
            "relativeTime-type-past": {
              "relativeTimePattern-count-one": "ከ{0} ሰዓት በፊት",
              "relativeTimePattern-count-other": "ከ{0} ሰዓቶች በፊት"
            }
          },
          "minute": {
            "displayName": "ደቂቃ",
            "relativeTime-type-future": {
              "relativeTimePattern-count-one": "በ{0} ደቂቃ ውስጥ",
              "relativeTimePattern-count-other": "በ{0} ደቂቃዎች ውስጥ"
            },
            "relativeTime-type-past": {
              "relativeTimePattern-count-one": "ከ{0} ደቂቃ በፊት",
              "relativeTimePattern-count-other": "ከ{0} ደቂቃዎች በፊት"
            }
          },
          "minute-short": {
            "displayName": "ደቂቃ",
            "relativeTime-type-future": {
              "relativeTimePattern-count-one": "በ{0} ደቂቃ ውስጥ",
              "relativeTimePattern-count-other": "በ{0} ደቂቃዎች ውስጥ"
            },
            "relativeTime-type-past": {
              "relativeTimePattern-count-one": "ከ{0} ደቂቃ በፊት",
              "relativeTimePattern-count-other": "ከ{0} ደቂቃዎች በፊት"
            }
          },
          "minute-narrow": {
            "displayName": "ደቂቃ",
            "relativeTime-type-future": {
              "relativeTimePattern-count-one": "በ{0} ደቂቃ ውስጥ",
              "relativeTimePattern-count-other": "በ{0} ደቂቃዎች ውስጥ"
            },
            "relativeTime-type-past": {
              "relativeTimePattern-count-one": "ከ{0} ደቂቃ በፊት",
              "relativeTimePattern-count-other": "ከ{0} ደቂቃዎች በፊት"
            }
          },
          "second": {
            "displayName": "ሰከንድ",
            "relative-type-0": "አሁን",
            "relativeTime-type-future": {
              "relativeTimePattern-count-one": "በ{0} ሰከንድ ውስጥ",
              "relativeTimePattern-count-other": "በ{0} ሰከንዶች ውስጥ"
            },
            "relativeTime-type-past": {
              "relativeTimePattern-count-one": "ከ{0} ሰከንድ በፊት",
              "relativeTimePattern-count-other": "ከ{0} ሰከንዶች በፊት"
            }
          },
          "second-short": {
            "displayName": "ሰከንድ",
            "relative-type-0": "አሁን",
            "relativeTime-type-future": {
              "relativeTimePattern-count-one": "በ{0} ሰከንድ ውስጥ",
              "relativeTimePattern-count-other": "በ{0} ሰከንዶች ውስጥ"
            },
            "relativeTime-type-past": {
              "relativeTimePattern-count-one": "ከ{0} ሰከንድ በፊት",
              "relativeTimePattern-count-other": "ከ{0} ሰከንዶች በፊት"
            }
          },
          "second-narrow": {
            "displayName": "ሰከንድ",
            "relative-type-0": "አሁን",
            "relativeTime-type-future": {
              "relativeTimePattern-count-one": "በ{0} ሰከንድ ውስጥ",
              "relativeTimePattern-count-other": "በ{0} ሰከንዶች ውስጥ"
            },
            "relativeTime-type-past": {
              "relativeTimePattern-count-one": "ከ{0} ሰከንድ በፊት",
              "relativeTimePattern-count-other": "ከ{0} ሰከንዶች በፊት"
            }
          },
          "zone": {
            "displayName": "የሰዓት ሰቅ"
          }
        }
      }
    }
  }
}
