{
  "main": {
    "am-ET": {
      "identity": {
        "version": {
          "_cldrVersion": "26",
          "_number": "$Revision: 10669 $"
        },
        "generation": {
          "_date": "$Date: 2014-07-23 16:10:33 -0500 (Wed, 23 Jul 2014) $"
        },
        "language": "am",
        "territory": "ET"
      },
      "localeDisplayNames": {
        "languages": {
          "aa": "አፋርኛ",
          "ab": "አብሐዚኛ",
          "ace": "ace",
          "ach": "አኮሊኛ",
          "ada": "ada",
          "ady": "ady",
          "ae": "ae",
          "aeb": "aeb",
          "af": "አፍሪካንኛ",
          "afh": "afh",
          "agq": "አገም",
          "ain": "ain",
          "ak": "አካንኛ",
          "akk": "akk",
          "akz": "akz",
          "ale": "ale",
          "aln": "aln",
          "alt": "alt",
          "am": "አማርኛ",
          "an": "an",
          "ang": "ang",
          "anp": "anp",
          "ar": "ዓረብኛ",
          "ar-001": "ዘመናዊ መደበኛ ዓረብኛ",
          "arc": "arc",
          "arn": "ማፑቼ",
          "aro": "aro",
          "arp": "arp",
          "arq": "arq",
          "arw": "arw",
          "ary": "ary",
          "arz": "arz",
          "as": "አሳሜዛዊ",
          "asa": "አሱ",
          "ase": "ase",
          "ast": "ast",
          "av": "av",
          "avk": "avk",
          "awa": "awa",
          "ay": "አያማርኛ",
          "az": "አዘርባጃንኛ",
          "az-alt-short": "አዜሪ",
          "azb": "azb",
          "ba": "ባስኪርኛ",
          "bal": "bal",
          "ban": "ban",
          "bar": "bar",
          "bas": "bas",
          "bax": "bax",
          "bbc": "bbc",
          "bbj": "bbj",
          "be": "ቤላራሻኛ",
          "bej": "bej",
          "bem": "ቤምባ",
          "bew": "bew",
          "bez": "ቤና",
          "bfd": "bfd",
          "bfq": "bfq",
          "bg": "ቡልጋሪኛ",
          "bho": "bho",
          "bi": "ቢስላምኛ",
          "bik": "bik",
          "bin": "bin",
          "bjn": "bjn",
          "bkm": "bkm",
          "bla": "bla",
          "bm": "ባምባርኛ",
          "bn": "ቤንጋሊኛ",
          "bo": "ቲቤታንኛ",
          "bpy": "bpy",
          "bqi": "bqi",
          "br": "ብሬቶንኛ",
          "bra": "bra",
          "brh": "brh",
          "brx": "ቦዶ",
          "bs": "ቦስኒያንኛ",
          "bss": "bss",
          "bua": "bua",
          "bug": "bug",
          "bum": "bum",
          "byn": "ብሊን",
          "byv": "byv",
          "ca": "ካታላንኛ",
          "cad": "cad",
          "car": "car",
          "cay": "cay",
          "cch": "cch",
          "ce": "ce",
          "ceb": "ceb",
          "cgg": "ቺጋኛ",
          "ch": "ch",
          "chb": "chb",
          "chg": "chg",
          "chk": "chk",
          "chm": "chm",
          "chn": "chn",
          "cho": "cho",
          "chp": "chp",
          "chr": "ቼሮኬኛ",
          "chy": "chy",
          "ckb": "የሶራኒ ኩርድኛ",
          "co": "ኮርሲካኛ",
          "cop": "cop",
          "cps": "cps",
          "cr": "cr",
          "crh": "crh",
          "cs": "ቼክኛ",
          "csb": "csb",
          "cu": "cu",
          "cv": "cv",
          "cy": "ወልሽ",
          "da": "ዴኒሽ",
          "dak": "dak",
          "dar": "dar",
          "dav": "ታይታኛ",
          "de": "ጀርመን",
          "de-AT": "የኦስትሪያ ጀርመን",
          "de-CH": "የስዊዝ ከፍተኛ ጀርመንኛ",
          "del": "del",
          "den": "den",
          "dgr": "dgr",
          "din": "din",
          "dje": "ዛርማኛ",
          "doi": "doi",
          "dsb": "የታችኛው ሶርቢያንኛ",
          "dtp": "dtp",
          "dua": "ዱዋላኛ",
          "dum": "dum",
          "dv": "ዲቬህ",
          "dyo": "ጆላ ፎንያኛ",
          "dyu": "dyu",
          "dz": "ድዞንግኻኛ",
          "dzg": "dzg",
          "ebu": "ኢቦኛ",
          "ee": "ኢዊ",
          "efi": "ኤፊክ",
          "egl": "egl",
          "egy": "egy",
          "eka": "eka",
          "el": "ግሪክኛ",
          "elx": "elx",
          "en": "እንግሊዝኛ",
          "en-AU": "የአውስትራሊያ እንግሊዝኛ",
          "en-CA": "የካናዳ እንግሊዝኛ",
          "en-GB": "የብሪቲሽ እንግሊዝኛ",
          "en-GB-alt-short": "የዩናይትድ ኪንግደም እንግሊዝኛ",
          "en-US": "የአሜሪካ እንግሊዝኛ",
          "en-US-alt-short": "የዩ ኤስ እንግሊዝኛ",
          "enm": "enm",
          "eo": "ኤስፐራንቶ",
          "es": "ስፓኒሽ",
          "es-419": "የላቲን አሜሪካ ስፓኒሽ",
          "es-ES": "የአውሮፓ እስፓንኛ",
          "es-MX": "es_MX",
          "esu": "esu",
          "et": "ኢስቶኒያንኛ",
          "eu": "ባስክኛ",
          "ewo": "ewo",
          "ext": "ext",
          "fa": "ፐርሺያኛ",
          "fan": "fan",
          "fat": "fat",
          "ff": "ff",
          "fi": "ፊኒሽ",
          "fil": "ፊሊፒንኛ",
          "fit": "fit",
          "fj": "ፊጂኛ",
          "fo": "ፋሮኛ",
          "fon": "fon",
          "fr": "ፈረንሳይኛ",
          "fr-CA": "የካናዳ ፈረንሳይኛ",
          "fr-CH": "የስዊዝ ፈረንሳይኛ",
          "frc": "frc",
          "frm": "frm",
          "fro": "fro",
          "frp": "frp",
          "frr": "frr",
          "frs": "frs",
          "fur": "fur",
          "fy": "የምዕራብ ፍሪስኛ",
          "ga": "አይሪሽ",
          "gaa": "ጋ",
          "gag": "ጋጉዝኛ",
          "gan": "gan",
          "gay": "gay",
          "gba": "gba",
          "gbz": "gbz",
          "gd": "እስኮትስ ጌልክኛ",
          "gez": "ግዕዝኛ",
          "gil": "gil",
          "gl": "ጋሊሺያ",
          "glk": "glk",
          "gmh": "gmh",
          "gn": "ጓራኒኛ",
          "goh": "goh",
          "gom": "gom",
          "gon": "gon",
          "gor": "gor",
          "got": "got",
          "grb": "grb",
          "grc": "grc",
          "gsw": "የስዊዝ ጀርመን",
          "gu": "ጉጃርቲኛ",
          "guc": "guc",
          "gur": "gur",
          "guz": "ጉስሊኛ",
          "gv": "ማንክስኛ",
          "gwi": "gwi",
          "ha": "ሃውሳኛ",
          "hai": "hai",
          "hak": "hak",
          "haw": "ሃዊያኛ",
          "he": "ዕብራስጥ",
          "hi": "ሒንዱኛ",
          "hif": "hif",
          "hil": "hil",
          "hit": "hit",
          "hmn": "hmn",
          "ho": "ho",
          "hr": "ክሮሽያንኛ",
          "hsb": "የላይኛው ሶርቢያንኛ",
          "hsn": "hsn",
          "ht": "ሃይትኛ",
          "hu": "ሀንጋሪኛ",
          "hup": "hup",
          "hy": "አርመናዊ",
          "hz": "hz",
          "ia": "ኢንቴርሊንጓ",
          "iba": "iba",
          "ibb": "ibb",
          "id": "ኢንዶኔዥኛ",
          "ie": "እንተርሊንግወ",
          "ig": "ኢግቦኛ",
          "ii": "ሲቹንዪኛ",
          "ik": "እኑፒያቅኛ",
          "ilo": "ilo",
          "inh": "inh",
          "io": "io",
          "is": "አይስላንድኛ",
          "it": "ጣሊያንኛ",
          "iu": "እኑክቲቱትኛ",
          "izh": "izh",
          "ja": "ጃፓንኛ",
          "jam": "jam",
          "jbo": "jbo",
          "jgo": "ንጎባኛ",
          "jmc": "ማቻሜኛ",
          "jpr": "jpr",
          "jrb": "jrb",
          "jut": "jut",
          "jv": "ጃቫንኛ",
          "ka": "ጆርጂያን",
          "kaa": "kaa",
          "kab": "ካብይል",
          "kac": "kac",
          "kaj": "kaj",
          "kam": "ካምባ",
          "kaw": "kaw",
          "kbd": "kbd",
          "kbl": "kbl",
          "kcg": "kcg",
          "kde": "ማኮንዴ",
          "kea": "ካቡቨርዲያኑ",
          "ken": "ken",
          "kfo": "kfo",
          "kg": "ኮንጎኛ",
          "kgp": "kgp",
          "kha": "kha",
          "kho": "kho",
          "khq": "ኮይራ ቺኒ",
          "khw": "khw",
          "ki": "ኪኩዩ",
          "kiu": "kiu",
          "kj": "kj",
          "kk": "ካዛክኛ",
          "kkj": "kkj",
          "kl": "ካላሊሱትኛ",
          "kln": "ካለንጂን",
          "km": "ክመርኛ ማእከላዊ",
          "kmb": "kmb",
          "kn": "ካናዳኛ",
          "ko": "ኮሪያኛ",
          "koi": "ኮሚ ፔርምያክ",
          "kok": "ኮካኒ",
          "kos": "kos",
          "kpe": "kpe",
          "kr": "kr",
          "krc": "krc",
          "kri": "kri",
          "krj": "krj",
          "krl": "krl",
          "kru": "kru",
          "ks": "ካሽሚርኛ",
          "ksb": "ሻምባላ",
          "ksf": "ባፊያ",
          "ksh": "ksh",
          "ku": "ኩርድሽኛ",
          "kum": "kum",
          "kut": "kut",
          "kv": "kv",
          "kw": "ኮርኒሽ",
          "ky": "ኪርጊዝኛ",
          "la": "ላቲንኛ",
          "lad": "lad",
          "lag": "ላንጊ",
          "lah": "lah",
          "lam": "lam",
          "lb": "ሉክዘምበርገርኛ",
          "lez": "lez",
          "lfn": "lfn",
          "lg": "ጋንዳኛ",
          "li": "li",
          "lij": "lij",
          "liv": "liv",
          "lkt": "ላኮታ",
          "lmo": "lmo",
          "ln": "ሊንጋላኛ",
          "lo": "ላውስኛ",
          "lol": "lol",
          "loz": "ሎዚኛ",
          "lt": "ሉቴንያንኛ",
          "ltg": "ltg",
          "lu": "ሉባ ካታንጋ",
          "lua": "ሉባ-ሉሏ",
          "lui": "lui",
          "lun": "lun",
          "luo": "ሉኦ",
          "lus": "lus",
          "luy": "ሉዪያ",
          "lv": "ላትቪያን",
          "lzh": "lzh",
          "lzz": "lzz",
          "mad": "mad",
          "maf": "maf",
          "mag": "mag",
          "mai": "mai",
          "mak": "mak",
          "man": "man",
          "mas": "ማሳይ",
          "mde": "mde",
          "mdf": "mdf",
          "mdr": "mdr",
          "men": "men",
          "mer": "ሜሩ",
          "mfe": "ሞሪሲየኛ",
          "mg": "ማላጋስኛ",
          "mga": "mga",
          "mgh": "ማኩዋ ሜቶ",
          "mgo": "ሜታ",
          "mh": "mh",
          "mi": "ማዮሪኛ",
          "mic": "mic",
          "min": "min",
          "mk": "ማሴዶንኛ",
          "ml": "ማላያላምኛ",
          "mn": "ሞንጎላዊኛ",
          "mnc": "mnc",
          "mni": "mni",
          "moh": "ሞሃውክ",
          "mos": "mos",
          "mr": "ማራቲኛ",
          "mrj": "mrj",
          "ms": "ማላይኛ",
          "mt": "ማልቲስኛ",
          "mua": "ሙንዳንግ",
          "mul": "mul",
          "mus": "mus",
          "mwl": "mwl",
          "mwr": "mwr",
          "mwv": "mwv",
          "my": "ቡርማኛ",
          "mye": "mye",
          "myv": "myv",
          "mzn": "mzn",
          "na": "ናኡሩ",
          "nan": "nan",
          "nap": "nap",
          "naq": "ናማ",
          "nb": "የኖርዌይ ቦክማል",
          "nd": "ሰሜን ንዴብሌ",
          "nds": "nds",
          "ne": "ኔፓሊኛ",
          "new": "new",
          "ng": "ng",
          "nia": "nia",
          "niu": "niu",
          "njo": "njo",
          "nl": "ደች",
          "nl-BE": "ፍሌሚሽ",
          "nmg": "ክዋሲዮ",
          "nn": "የኖርዌይ ናይኖርስክ",
          "nnh": "nnh",
          "no": "ኖርዌጂያን",
          "nog": "nog",
          "non": "non",
          "nov": "nov",
          "nqo": "ንኮ",
          "nr": "nr",
          "nso": "ሰሜናዊ ሶቶ",
          "nus": "ኑዌር",
          "nv": "nv",
          "nwc": "nwc",
          "ny": "ንያንጃ",
          "nym": "nym",
          "nyn": "ኒያንኮልኛ",
          "nyo": "nyo",
          "nzi": "nzi",
          "oc": "ኦኪታንኛ",
          "oj": "oj",
          "om": "ኦሮሞኛ",
          "or": "ኦሪያኛ",
          "os": "ኦሴቲክ",
          "osa": "osa",
          "ota": "ota",
          "pa": "ፑንጃብኛ",
          "pag": "pag",
          "pal": "pal",
          "pam": "pam",
          "pap": "pap",
          "pau": "pau",
          "pcd": "pcd",
          "pdc": "pdc",
          "pdt": "pdt",
          "peo": "peo",
          "pfl": "pfl",
          "phn": "phn",
          "pi": "pi",
          "pl": "ፖሊሽኛ",
          "pms": "pms",
          "pnt": "pnt",
          "pon": "pon",
          "prg": "prg",
          "pro": "pro",
          "ps": "ፓሽቶኛ",
          "ps-alt-variant": "ፑሽቶ",
          "pt": "ፖርቹጋልኛ",
          "pt-BR": "የብራዚል ፖርቹጋልኛ",
          "pt-PT": "የአውሮፓ ፖርቹጋልኛ",
          "qu": "ኵቿኛ",
          "quc": "ኪቼ",
          "qug": "qug",
          "raj": "raj",
          "rap": "rap",
          "rar": "rar",
          "rgn": "rgn",
          "rif": "rif",
          "rm": "ሮማንሽ",
          "rn": "ሩንዲኛ",
          "ro": "ሮማኒያን",
          "ro-MD": "ሞልዳቫዊና",
          "rof": "ሮምቦ",
          "rom": "rom",
          "root": "root",
          "rtm": "rtm",
          "ru": "ራሽኛ",
          "rue": "rue",
          "rug": "rug",
          "rup": "rup",
          "rw": "ኪንያርዋንድኛ",
          "rwk": "ርዋ",
          "sa": "ሳንስክሪትኛ",
          "sad": "sad",
          "sah": "sah",
          "sam": "sam",
          "saq": "ሳምቡሩ",
          "sas": "sas",
          "sat": "sat",
          "saz": "saz",
          "sba": "sba",
          "sbp": "ሳንጉ",
          "sc": "sc",
          "scn": "scn",
          "sco": "sco",
          "sd": "ሲንድሂኛ",
          "sdc": "sdc",
          "se": "ሰሜናዊ ሳሚ",
          "see": "see",
          "seh": "ሴና",
          "sei": "sei",
          "sel": "sel",
          "ses": "ኮይራቦሮ ሴኒ",
          "sg": "ሳንጎኛ",
          "sga": "sga",
          "sgs": "sgs",
          "sh": "ሰርቦ-ክሮኤሽያኛ",
          "shi": "ታቼልሂት",
          "shn": "shn",
          "shu": "shu",
          "si": "ሲንሃልኛ",
          "sid": "ሲዳምኛ",
          "sk": "ስሎቫክኛ",
          "sl": "ስሎቪኛ",
          "sli": "sli",
          "sly": "sly",
          "sm": "ሳሞአኛ",
          "sma": "ደቡባዊ ሳሚ",
          "smj": "ሉሌ ሳሚ",
          "smn": "ኢናሪ ሳሚ",
          "sms": "ስኮልት ሳሚ",
          "sn": "ሾናኛ",
          "snk": "snk",
          "so": "ሱማልኛ",
          "sog": "sog",
          "sq": "ልቤኒኛ",
          "sr": "ሰርቢኛ",
          "srn": "srn",
          "srr": "srr",
          "ss": "ስዋቲኛ",
          "ssy": "ssy",
          "st": "ሶዞኛ",
          "stq": "stq",
          "su": "ሱዳንኛ",
          "suk": "suk",
          "sus": "sus",
          "sux": "sux",
          "sv": "ስዊድንኛ",
          "sw": "ስዋሂሊኛ",
          "swb": "swb",
          "swc": "ኮንጎ ስዋሂሊ",
          "syc": "syc",
          "syr": "syr",
          "szl": "szl",
          "ta": "ታሚልኛ",
          "tcy": "tcy",
          "te": "ተሉጉኛ",
          "tem": "tem",
          "teo": "ቴሶ",
          "ter": "ter",
          "tet": "ቴተም",
          "tg": "ታጂኪኛ",
          "th": "ታይኛ",
          "ti": "ትግርኛ",
          "tig": "ትግረ",
          "tiv": "tiv",
          "tk": "ቱርክመንኛ",
          "tkl": "tkl",
          "tkr": "tkr",
          "tl": "ታጋሎገኛ",
          "tlh": "ክሊንጎንኛ",
          "tli": "tli",
          "tly": "tly",
          "tmh": "tmh",
          "tn": "ጽዋናዊኛ",
          "to": "ቶንጋኛ",
          "tog": "tog",
          "tpi": "ቶክ ፒሲን",
          "tr": "ቱርክኛ",
          "tru": "tru",
          "trv": "trv",
          "ts": "ጾንጋኛ",
          "tsd": "tsd",
          "tsi": "tsi",
          "tt": "ታታርኛ",
          "ttt": "ttt",
          "tum": "ቱምቡካ",
          "tvl": "tvl",
          "tw": "ትዊኛ",
          "twq": "ታሳዋቅ",
          "ty": "ታሂታንኛ",
          "tyv": "tyv",
          "tzm": "መካከለኛ አትላስ ታማዚግት",
          "udm": "udm",
          "ug": "ኡዊግሁርኛ",
          "ug-alt-variant": "ኡይገር",
          "uga": "uga",
          "uk": "ዩክሬንኛ",
          "umb": "umb",
          "und": "ያልታወቀ ቋንቋ",
          "ur": "ኡርዱኛ",
          "uz": "ኡዝቤክኛ",
          "vai": "ቫይ",
          "ve": "ቬንዳ",
          "vec": "vec",
          "vep": "vep",
          "vi": "ቪትናምኛ",
          "vls": "vls",
          "vmf": "vmf",
          "vo": "ቮላፑክኛ",
          "vot": "vot",
          "vro": "vro",
          "vun": "ቩንጆ",
          "wa": "wa",
          "wae": "wae",
          "wal": "wal",
          "war": "war",
          "was": "was",
          "wo": "ዎሎፍኛ",
          "wuu": "wuu",
          "xal": "xal",
          "xh": "ዞሳኛ",
          "xmf": "xmf",
          "xog": "ሶጋ",
          "yao": "yao",
          "yap": "yap",
          "yav": "yav",
          "ybb": "ybb",
          "yi": "ይዲሽኛ",
          "yo": "ዮሩባዊኛ",
          "yrl": "yrl",
          "yue": "yue",
          "za": "ዡዋንግኛ",
          "zap": "zap",
          "zbl": "zbl",
          "zea": "zea",
          "zen": "zen",
          "zgh": "መደበኛ የሞሮኮ ታማዚግት",
          "zh": "ቻይንኛ",
          "zh-Hans": "ቀለል ያለ ቻይንኛ",
          "zh-Hant": "ባህላዊ ቻይንኛ",
          "zu": "ዙሉኛ",
          "zun": "zun",
          "zxx": "ቋንቋዊ ይዘት አይደለም",
          "zza": "zza"
        }
      }
    }
  }
}
