{
  "main": {
    "am-ET": {
      "identity": {
        "version": {
          "_cldrVersion": "26",
          "_number": "$Revision: 10669 $"
        },
        "generation": {
          "_date": "$Date: 2014-07-23 16:10:33 -0500 (Wed, 23 Jul 2014) $"
        },
        "language": "am",
        "territory": "ET"
      },
      "localeDisplayNames": {
        "territories": {
          "001": "ዓለም",
          "002": "አፍሪካ",
          "003": "ሰሜን አሜሪካ",
          "005": "ደቡብ አሜሪካ",
          "009": "ኦሽኒአ",
          "011": "ምስራቃዊ አፍሪካ",
          "013": "መካከለኛው አሜሪካ",
          "014": "ምዕራባዊ አፍሪካ",
          "015": "ሰሜናዊ አፍሪካ",
          "017": "መካከለኛው አፍሪካ",
          "018": "ደቡባዊ አፍሪካ",
          "019": "አሜሪካ",
          "021": "ሰሜናዊ አሜሪካ",
          "029": "ካሪቢያን",
          "030": "ምዕራባዊ እሲያ",
          "034": "ደቡባዊ እሲያ",
          "035": "ምዕራባዊ ደቡብ እሲያ",
          "039": "ደቡባዊ አውሮፓ",
          "053": "አውስትራሊያ",
          "054": "ሜላኔዥያ",
          "057": "የማይክሮኔዥያን ክልል",
          "061": "ፖሊኔዥያ",
          "142": "እሲያ",
          "143": "መካከለኛው እሲያ",
          "145": "ምስራቃዊ እሲያ",
          "150": "አውሮፓ",
          "151": "ምዕራባዊ አውሮፓ",
          "154": "ሰሜናዊ አውሮፓ",
          "155": "ምስራቃዊ አውሮፓ",
          "419": "ላቲን አሜሪካ",
          "AC": "አሴንሽን ደሴት",
          "AD": "አንዶራ",
          "AE": "የተባበሩት አረብ ኤምሬትስ",
          "AF": "አፍጋኒስታን",
          "AG": "አንቲጓ እና ባሩዳ",
          "AI": "አንጉኢላ",
          "AL": "አልባኒያ",
          "AM": "አርሜኒያ",
          "AN": "ኔዘርላንድስ አንቲልስ",
          "AO": "አንጐላ",
          "AQ": "አንታርክቲካ",
          "AR": "አርጀንቲና",
          "AS": "የአሜሪካ ሳሞአ",
          "AT": "ኦስትሪያ",
          "AU": "አውስትራልያ",
          "AW": "አሩባ",
          "AX": "የአላንድ ደሴቶች",
          "AZ": "አዘርባጃን",
          "BA": "ቦስኒያ እና ሄርዞጎቪኒያ",
          "BB": "ባርቤዶስ",
          "BD": "ባንግላዲሽ",
          "BE": "ቤልጄም",
          "BF": "ቡርኪና ፋሶ",
          "BG": "ቡልጌሪያ",
          "BH": "ባህሬን",
          "BI": "ብሩንዲ",
          "BJ": "ቤኒን",
          "BL": "ቅዱስ በርቴሎሜ",
          "BM": "ቤርሙዳ",
          "BN": "ብሩኒ",
          "BO": "ቦሊቪያ",
          "BQ": "የካሪቢያን ኔዘርላንድስ",
          "BR": "ብራዚል",
          "BS": "ባሃማስ",
          "BT": "ቡህታን",
          "BV": "ቡቬት ደሴት",
          "BW": "ቦትስዋና",
          "BY": "ቤላሩስ",
          "BZ": "ቤሊዘ",
          "CA": "ካናዳ",
          "CC": "ኮኮስ(ኬሊንግ) ደሴቶች",
          "CD": "ኮንጎ-ኪንሻሳ",
          "CD-alt-variant": "ኮንጎ (የዲሞክራቲክ ሪፐብሊክ ኮንጎ)",
          "CF": "የመካከለኛው አፍሪካ ሪፐብሊክ",
          "CG": "ኮንጎ ብራዛቪል",
          "CG-alt-variant": "ኮንጎ (ሪፐብሊክ)",
          "CH": "ስዊዘርላንድ",
          "CI": "ኮት ዲቯር",
          "CI-alt-variant": "አይቮሪኮስት",
          "CK": "ኩክ ደሴቶች",
          "CL": "ቺሊ",
          "CM": "ካሜሩን",
          "CN": "ቻይና",
          "CO": "ኮሎምቢያ",
          "CP": "ክሊፐርቶን ደሴት",
          "CR": "ኮስታ ሪካ",
          "CU": "ኩባ",
          "CV": "ኬፕ ቬርዴ",
          "CW": "ኩራሳዎ",
          "CX": "የገና ደሴት",
          "CY": "ሳይፕረስ",
          "CZ": "ቼክ ሪፑብሊክ",
          "DE": "ጀርመን",
          "DG": "ዲዬጎ ጋርሺያ",
          "DJ": "ጂቡቲ",
          "DK": "ዴንማርክ",
          "DM": "ዶሚኒካ",
          "DO": "ዶሚኒክ ሪፑብሊክ",
          "DZ": "አልጄሪያ",
          "EA": "ሴኡታና ሜሊላ",
          "EC": "ኢኳዶር",
          "EE": "ኤስቶኒያ",
          "EG": "ግብጽ",
          "EH": "ምዕራባዊ ሳህራ",
          "ER": "ኤርትራ",
          "ES": "ስፔን",
          "ET": "ኢትዮጵያ",
          "EU": "የአውሮፓ ህብረት",
          "FI": "ፊንላንድ",
          "FJ": "ፊጂ",
          "FK": "የፎክላንድ ደሴቶች",
          "FK-alt-variant": "ፎክላንድ ደሴቶች (ኢስላስ ማልቪናስ)",
          "FM": "ሚክሮኔዢያ",
          "FO": "የፋሮ ደሴቶች",
          "FR": "ፈረንሳይ",
          "GA": "ጋቦን",
          "GB": "እንግሊዝ",
          "GB-alt-short": "ዩናይትድ ኪንግደም",
          "GD": "ግሬናዳ",
          "GE": "ጆርጂያ",
          "GF": "የፈረንሳይ ጉዊአና",
          "GG": "ጉርነሲ",
          "GH": "ጋና",
          "GI": "ጂብራልተር",
          "GL": "ግሪንላንድ",
          "GM": "ጋምቢያ",
          "GN": "ጊኒ",
          "GP": "ጉዋደሉፕ",
          "GQ": "ኢኳቶሪያል ጊኒ",
          "GR": "ግሪክ",
          "GS": "ደቡብ ጆርጂያ እና የደቡብ ሳንድዊች ደሴቶች",
          "GT": "ጉዋቲማላ",
          "GU": "ጉዋም",
          "GW": "ጊኒ ቢሳኦ",
          "GY": "ጉያና",
          "HK": "ሆንግ ኮንግ SAR ቻይና",
          "HK-alt-short": "ሆንግ ኮንግ",
          "HM": "ኽርድ ደሴቶችና ማክዶናልድ ደሴቶች",
          "HN": "ሆንዱራስ",
          "HR": "ክሮኤሽያ",
          "HT": "ሀይቲ",
          "HU": "ሀንጋሪ",
          "IC": "የካናሪ ደሴቶች",
          "ID": "ኢንዶኔዢያ",
          "IE": "አየርላንድ",
          "IL": "እስራኤል",
          "IM": "አይል ኦፍ ማን",
          "IN": "ህንድ",
          "IO": "የብሪታኒያ ህንድ ውቂያኖስ ግዛት",
          "IQ": "ኢራቅ",
          "IR": "ኢራን",
          "IS": "አይስላንድ",
          "IT": "ጣሊያን",
          "JE": "ጀርሲ",
          "JM": "ጃማይካ",
          "JO": "ጆርዳን",
          "JP": "ጃፓን",
          "KE": "ኬንያ",
          "KG": "ኪርጊስታን",
          "KH": "ካምቦዲያ",
          "KI": "ኪሪባቲ",
          "KM": "ኮሞሮስ",
          "KN": "ቅዱስ ኪትስ እና ኔቪስ",
          "KP": "ሰሜን ኮሪያ",
          "KR": "ደቡብ ኮሪያ",
          "KW": "ክዌት",
          "KY": "ካይማን ደሴቶች",
          "KZ": "ካዛኪስታን",
          "LA": "ላኦስ",
          "LB": "ሊባኖስ",
          "LC": "ሴንት ሉቺያ",
          "LI": "ሊችተንስታይን",
          "LK": "ሲሪላንካ",
          "LR": "ላይቤሪያ",
          "LS": "ሌሶቶ",
          "LT": "ሊቱዌኒያ",
          "LU": "ሉክሰምበርግ",
          "LV": "ላትቪያ",
          "LY": "ሊቢያ",
          "MA": "ሞሮኮ",
          "MC": "ሞናኮ",
          "MD": "ሞልዶቫ",
          "ME": "ሞንተኔግሮ",
          "MF": "ሴንት ማርቲን",
          "MG": "ማዳጋስካር",
          "MH": "ማርሻል አይላንድ",
          "MK": "መቄዶንያ",
          "MK-alt-variant": "መቄዶንያ (የቀድሞ የዩጎስላቭ መቄዶንያ ሪፐብሊክ)",
          "ML": "ማሊ",
          "MM": "ማይናማር(በርማ)",
          "MN": "ሞንጎሊያ",
          "MO": "ማካኡ ልዩ የአስተዳደር ክልል ቻይና",
          "MO-alt-short": "ማካኡ",
          "MP": "የሰሜናዊ ማሪያና ደሴቶች",
          "MQ": "ማርቲኒክ",
          "MR": "ሞሪቴኒያ",
          "MS": "ሞንትሴራት",
          "MT": "ማልታ",
          "MU": "ሞሪሸስ",
          "MV": "ማልዲቭስ",
          "MW": "ማላዊ",
          "MX": "ሜክሲኮ",
          "MY": "ማሌዢያ",
          "MZ": "ሞዛምቢክ",
          "NA": "ናሚቢያ",
          "NC": "ኒው ካሌዶኒያ",
          "NE": "ኒጀር",
          "NF": "ኖርፎልክ ደሴት",
          "NG": "ናይጄሪያ",
          "NI": "ኒካራጓ",
          "NL": "ኔዘርላንድ",
          "NO": "ኖርዌ",
          "NP": "ኔፓል",
          "NR": "ናኡሩ",
          "NU": "ኒኡይ",
          "NZ": "ኒው ዚላንድ",
          "OM": "ኦማን",
          "PA": "ፓናማ",
          "PE": "ፔሩ",
          "PF": "የፈረንሳይ ፖሊኔዢያ",
          "PG": "ፓፑዋ ኒው ጊኒ",
          "PH": "ፊሊፒንስ",
          "PK": "ፓኪስታን",
          "PL": "ፖላንድ",
          "PM": "ቅዱስ ፒዬር እና ሚኩኤሎን",
          "PN": "ፒትካኢርን አይስላንድ",
          "PR": "ፖርታ ሪኮ",
          "PS": "የፍልስጤም ግዛት",
          "PS-alt-short": "ፍልስጥኤም",
          "PT": "ፖርቱጋል",
          "PW": "ፓላው",
          "PY": "ፓራጓይ",
          "QA": "ኳታር",
          "QO": "አውትላይንግ ኦሽንያ",
          "RE": "ሪዩኒየን",
          "RO": "ሮሜኒያ",
          "RS": "ሰርብያ",
          "RU": "ራሺያ",
          "RW": "ሩዋንዳ",
          "SA": "ሳውድአረቢያ",
          "SB": "ሰሎሞን ደሴት",
          "SC": "ሲሼልስ",
          "SD": "ሱዳን",
          "SE": "ስዊድን",
          "SG": "ሲንጋፖር",
          "SH": "ሴንት ሄለና",
          "SI": "ስሎቬኒያ",
          "SJ": "ስቫልባርድ እና ጃን ማየን",
          "SK": "ስሎቫኪያ",
          "SL": "ሴራሊዮን",
          "SM": "ሳን ማሪኖ",
          "SN": "ሴኔጋል",
          "SO": "ሱማሌ",
          "SR": "ሱሪናም",
          "SS": "ደቡብ ሱዳን",
          "ST": "ሳኦ ቶሜ እና ፕሪንሲፔ",
          "SV": "ኤል ሳልቫዶር",
          "SX": "ሲንት ማርተን",
          "SY": "ሲሪያ",
          "SZ": "ሱዋዚላንድ",
          "TA": "ትሪስታን ዲ ኩንሃ",
          "TC": "የቱርኮችና የካኢኮስ ደሴቶች",
          "TD": "ቻድ",
          "TF": "የፈረንሳይ ደቡባዊ ግዛቶች",
          "TG": "ቶጐ",
          "TH": "ታይላንድ",
          "TJ": "ታጃኪስታን",
          "TK": "ቶክላው",
          "TL": "ምስራቅ ሌስት",
          "TL-alt-variant": "ምስራቅ ቲሞር",
          "TM": "ቱርክሜኒስታን",
          "TN": "ቱኒዚያ",
          "TO": "ቶንጋ",
          "TR": "ቱርክ",
          "TT": "ትሪናዳድ እና ቶቤጎ",
          "TV": "ቱቫሉ",
          "TW": "ታይዋን",
          "TZ": "ታንዛኒያ",
          "UA": "ዩክሬን",
          "UG": "ዩጋንዳ",
          "UM": "የዩ ኤስ ጠረፍ ላይ ያሉ ደሴቶች",
          "US": "ዩናይትድ ስቴትስ",
          "US-alt-short": "ዩ ኤስ",
          "UY": "ኡራጓይ",
          "UZ": "ኡዝቤኪስታን",
          "VA": "ቫቲካን ከተማ",
          "VC": "ቅዱስ ቪንሴንት እና ግሬናዲንስ",
          "VE": "ቬንዙዌላ",
          "VG": "የእንግሊዝ ቨርጂን ደሴቶች",
          "VI": "የአሜሪካ ቨርጂን ደሴቶች",
          "VN": "ቬትናም",
          "VU": "ቫኑአቱ",
          "WF": "ዋሊስ እና ፉቱና ደሴቶች",
          "WS": "ሳሞአ",
          "XK": "ኮሶቮ",
          "YE": "የመን",
          "YT": "ሜይኦቴ",
          "ZA": "ደቡብ አፍሪካ",
          "ZM": "ዛምቢያ",
          "ZW": "ዚምቧቤ",
          "ZZ": "ያልታወቀ ክልል"
        }
      }
    }
  }
}
