{
  "main": {
    "agq-CM": {
      "identity": {
        "version": {
          "_cldrVersion": "26",
          "_number": "$Revision: 10669 $"
        },
        "generation": {
          "_date": "$Date: 2014-07-23 16:10:33 -0500 (Wed, 23 Jul 2014) $"
        },
        "language": "agq",
        "territory": "CM"
      },
      "characters": {
        "exemplarCharacters": "[a à â ǎ ā b c d e è ê ě ē ɛ {ɛ\u0300} {ɛ\u0302} {ɛ\u030C} {ɛ\u0304} f g h i ì î ǐ ī ɨ {ɨ\u0300} {ɨ\u0302} {ɨ\u030C} {ɨ\u0304} k l m n ŋ o ò ô ǒ ō ɔ {ɔ\u0300} {ɔ\u0302} {ɔ\u030C} {ɔ\u0304} p s t u ù û ǔ ū ʉ {ʉ\u0300} {ʉ\u0302} {ʉ\u030C} {ʉ\u0304} v w y z ʔ]",
        "auxiliary": "[q r x]",
        "punctuation": "[\\- , ; \\: ! ? . ( ) \\[ \\] \\{ \\}]",
        "index": "[A B C D E Ɛ F G H I Ɨ K L M N Ŋ O Ɔ P S T U Ʉ V W Y Z ʔ]",
        "ellipsis": {
          "initial": "…{0}",
          "medial": "{0}…{1}",
          "final": "{0}…",
          "word-initial": "… {0}",
          "word-medial": "{0} … {1}",
          "word-final": "{0} …"
        },
        "moreInformation": "?"
      }
    }
  }
}
