{
  "main": {
    "aa-DJ": {
      "identity": {
        "version": {
          "_cldrVersion": "26",
          "_number": "$Revision: 10669 $"
        },
        "generation": {
          "_date": "$Date: 2014-07-23 16:10:33 -0500 (Wed, 23 Jul 2014) $"
        },
        "language": "aa",
        "territory": "DJ"
      },
      "dates": {
        "calendars": {
          "hebrew": {
            "months": {
              "format": {
                "abbreviated": {
                  "1": "Tishri",
                  "2": "Heshvan",
                  "3": "Kislev",
                  "4": "Tevet",
                  "5": "Shevat",
                  "6": "Adar I",
                  "7": "Adar",
                  "7-yeartype-leap": "Adar II",
                  "8": "Nisan",
                  "9": "Iyar",
                  "10": "Sivan",
                  "11": "Tamuz",
                  "12": "Av",
                  "13": "Elul"
                },
                "narrow": {
                  "1": "1",
                  "2": "2",
                  "3": "3",
                  "4": "4",
                  "5": "5",
                  "6": "6",
                  "7": "7",
                  "7-yeartype-leap": "7",
                  "8": "8",
                  "9": "9",
                  "10": "10",
                  "11": "11",
                  "12": "12",
                  "13": "13"
                },
                "wide": {
                  "1": "Tishri",
                  "2": "Heshvan",
                  "3": "Kislev",
                  "4": "Tevet",
                  "5": "Shevat",
                  "6": "Adar I",
                  "7": "Adar",
                  "7-yeartype-leap": "Adar II",
                  "8": "Nisan",
                  "9": "Iyar",
                  "10": "Sivan",
                  "11": "Tamuz",
                  "12": "Av",
                  "13": "Elul"
                }
              },
              "stand-alone": {
                "abbreviated": {
                  "1": "Tishri",
                  "2": "Heshvan",
                  "3": "Kislev",
                  "4": "Tevet",
                  "5": "Shevat",
                  "6": "Adar I",
                  "7": "Adar",
                  "7-yeartype-leap": "Adar II",
                  "8": "Nisan",
                  "9": "Iyar",
                  "10": "Sivan",
                  "11": "Tamuz",
                  "12": "Av",
                  "13": "Elul"
                },
                "narrow": {
                  "1": "1",
                  "2": "2",
                  "3": "3",
                  "4": "4",
                  "5": "5",
                  "6": "6",
                  "7": "7",
                  "7-yeartype-leap": "7",
                  "8": "8",
                  "9": "9",
                  "10": "10",
                  "11": "11",
                  "12": "12",
                  "13": "13"
                },
                "wide": {
                  "1": "Tishri",
                  "2": "Heshvan",
                  "3": "Kislev",
                  "4": "Tevet",
                  "5": "Shevat",
                  "6": "Adar I",
                  "7": "Adar",
                  "7-yeartype-leap": "Adar II",
                  "8": "Nisan",
                  "9": "Iyar",
                  "10": "Sivan",
                  "11": "Tamuz",
                  "12": "Av",
                  "13": "Elul"
                }
              }
            },
            "days": {
              "format": {
                "abbreviated": {
                  "sun": "Aca",
                  "mon": "Etl",
                  "tue": "Tal",
                  "wed": "Arb",
                  "thu": "Kam",
                  "fri": "Gum",
                  "sat": "Sab"
                },
                "narrow": {
                  "sun": "A",
                  "mon": "E",
                  "tue": "T",
                  "wed": "A",
                  "thu": "K",
                  "fri": "G",
                  "sat": "S"
                },
                "short": {
                  "sun": "Aca",
                  "mon": "Etl",
                  "tue": "Tal",
                  "wed": "Arb",
                  "thu": "Kam",
                  "fri": "Gum",
                  "sat": "Sab"
                },
                "wide": {
                  "sun": "Acaada",
                  "mon": "Etleeni",
                  "tue": "Talaata",
                  "wed": "Arbaqa",
                  "thu": "Kamiisi",
                  "fri": "Gumqata",
                  "sat": "Sabti"
                }
              },
              "stand-alone": {
                "abbreviated": {
                  "sun": "Aca",
                  "mon": "Etl",
                  "tue": "Tal",
                  "wed": "Arb",
                  "thu": "Kam",
                  "fri": "Gum",
                  "sat": "Sab"
                },
                "narrow": {
                  "sun": "A",
                  "mon": "E",
                  "tue": "T",
                  "wed": "A",
                  "thu": "K",
                  "fri": "G",
                  "sat": "S"
                },
                "short": {
                  "sun": "Aca",
                  "mon": "Etl",
                  "tue": "Tal",
                  "wed": "Arb",
                  "thu": "Kam",
                  "fri": "Gum",
                  "sat": "Sab"
                },
                "wide": {
                  "sun": "Acaada",
                  "mon": "Etleeni",
                  "tue": "Talaata",
                  "wed": "Arbaqa",
                  "thu": "Kamiisi",
                  "fri": "Gumqata",
                  "sat": "Sabti"
                }
              }
            },
            "quarters": {
              "format": {
                "abbreviated": {
                  "1": "Q1",
                  "2": "Q2",
                  "3": "Q3",
                  "4": "Q4"
                },
                "narrow": {
                  "1": "1",
                  "2": "2",
                  "3": "3",
                  "4": "4"
                },
                "wide": {
                  "1": "Q1",
                  "2": "Q2",
                  "3": "Q3",
                  "4": "Q4"
                }
              },
              "stand-alone": {
                "abbreviated": {
                  "1": "Q1",
                  "2": "Q2",
                  "3": "Q3",
                  "4": "Q4"
                },
                "narrow": {
                  "1": "1",
                  "2": "2",
                  "3": "3",
                  "4": "4"
                },
                "wide": {
                  "1": "Q1",
                  "2": "Q2",
                  "3": "Q3",
                  "4": "Q4"
                }
              }
            },
            "dayPeriods": {
              "format": {
                "abbreviated": {
                  "am": "saaku",
                  "noon": "noon",
                  "pm": "carra"
                },
                "narrow": {
                  "am": "a",
                  "noon": "n",
                  "pm": "p"
                },
                "wide": {
                  "am": "saaku",
                  "noon": "noon",
                  "pm": "carra"
                }
              },
              "stand-alone": {
                "abbreviated": {
                  "am": "saaku",
                  "noon": "noon",
                  "pm": "carra"
                },
                "narrow": {
                  "am": "a",
                  "noon": "n",
                  "pm": "p"
                },
                "wide": {
                  "am": "saaku",
                  "noon": "noon",
                  "pm": "carra"
                }
              }
            },
            "eras": {
              "eraNames": {
                "0": "AM"
              },
              "eraAbbr": {
                "0": "AM"
              },
              "eraNarrow": {
                "0": "AM"
              }
            },
            "dateFormats": {
              "full": "EEEE, MMMM dd, y G",
              "long": "dd MMMM y G",
              "medium": "dd-MMM-y G",
              "short": "dd/MM/yy GGGGG"
            },
            "timeFormats": {
              "full": "h:mm:ss a zzzz",
              "long": "h:mm:ss a z",
              "medium": "h:mm:ss a",
              "short": "h:mm a"
            },
            "dateTimeFormats": {
              "full": "{1} {0}",
              "long": "{1} {0}",
              "medium": "{1} {0}",
              "short": "{1} {0}",
              "availableFormats": {
                "E": "ccc",
                "EHm": "E HH:mm",
                "EHms": "E HH:mm:ss",
                "Ed": "d, E",
                "Ehm": "E h:mm a",
                "Ehms": "E h:mm:ss a",
                "Gy": "G y",
                "GyMMM": "G y MMM",
                "GyMMMEd": "G y MMM d, E",
                "GyMMMd": "G y MMM d",
                "H": "HH",
                "Hm": "HH:mm",
                "Hms": "HH:mm:ss",
                "M": "L",
                "MEd": "MM-dd, E",
                "MMM": "LLL",
                "MMMEd": "MMM d, E",
                "MMMd": "MMM d",
                "Md": "MM-dd",
                "d": "d",
                "h": "h a",
                "hm": "h:mm a",
                "hms": "h:mm:ss a",
                "ms": "mm:ss",
                "y": "G y",
                "yyyy": "G y",
                "yyyyM": "GGGGG y-MM",
                "yyyyMEd": "GGGGG y-MM-dd, E",
                "yyyyMMM": "G y MMM",
                "yyyyMMMEd": "G y MMM d, E",
                "yyyyMMMd": "G y MMM d",
                "yyyyMd": "GGGGG y-MM-dd",
                "yyyyQQQ": "G y QQQ",
                "yyyyQQQQ": "G y QQQQ"
              },
              "appendItems": {
                "Day": "{0} ({2}: {1})",
                "Day-Of-Week": "{0} {1}",
                "Era": "{1} {0}",
                "Hour": "{0} ({2}: {1})",
                "Minute": "{0} ({2}: {1})",
                "Month": "{0} ({2}: {1})",
                "Quarter": "{0} ({2}: {1})",
                "Second": "{0} ({2}: {1})",
                "Timezone": "{0} {1}",
                "Week": "{0} ({2}: {1})",
                "Year": "{1} {0}"
              },
              "intervalFormats": {
                "intervalFormatFallback": "{0} – {1}",
                "H": {
                  "H": "HH–HH"
                },
                "Hm": {
                  "H": "HH:mm–HH:mm",
                  "m": "HH:mm–HH:mm"
                },
                "Hmv": {
                  "H": "HH:mm–HH:mm v",
                  "m": "HH:mm–HH:mm v"
                },
                "Hv": {
                  "H": "HH–HH v"
                },
                "M": {
                  "M": "MM–MM"
                },
                "MEd": {
                  "M": "MM-dd, E – MM-dd, E",
                  "d": "MM-dd, E – MM-dd, E"
                },
                "MMM": {
                  "M": "LLL–LLL"
                },
                "MMMEd": {
                  "M": "MMM d, E – MMM d, E",
                  "d": "MMM d, E – MMM d, E"
                },
                "MMMd": {
                  "M": "MMM d – MMM d",
                  "d": "MMM d–d"
                },
                "Md": {
                  "M": "MM-dd – MM-dd",
                  "d": "MM-dd – MM-dd"
                },
                "d": {
                  "d": "d–d"
                },
                "h": {
                  "a": "h a – h a",
                  "h": "h–h a"
                },
                "hm": {
                  "a": "h:mm a – h:mm a",
                  "h": "h:mm–h:mm a",
                  "m": "h:mm–h:mm a"
                },
                "hmv": {
                  "a": "h:mm a – h:mm a v",
                  "h": "h:mm–h:mm a v",
                  "m": "h:mm–h:mm a v"
                },
                "hv": {
                  "a": "h a – h a v",
                  "h": "h–h a v"
                },
                "y": {
                  "y": "G y–y"
                },
                "yM": {
                  "M": "GGGGG y-MM – y-MM",
                  "y": "GGGGG y-MM – y-MM"
                },
                "yMEd": {
                  "M": "GGGGG y-MM-dd, E – y-MM-dd, E",
                  "d": "GGGGG y-MM-dd, E – y-MM-dd, E",
                  "y": "GGGGG y-MM-dd, E – y-MM-dd, E"
                },
                "yMMM": {
                  "M": "G y MMM–MMM",
                  "y": "G y MMM – y MMM"
                },
                "yMMMEd": {
                  "M": "G y MMM d, E – MMM d, E",
                  "d": "G y MMM d, E – MMM d, E",
                  "y": "G y MMM d, E – y MMM d, E"
                },
                "yMMMM": {
                  "M": "G y MMMM–MMMM",
                  "y": "G y MMMM – y MMMM"
                },
                "yMMMd": {
                  "M": "G y MMM d – MMM d",
                  "d": "G y MMM d–d",
                  "y": "G y MMM d – y MMM d"
                },
                "yMd": {
                  "M": "GGGGG y-MM-dd – y-MM-dd",
                  "d": "GGGGG y-MM-dd – y-MM-dd",
                  "y": "GGGGG y-MM-dd – y-MM-dd"
                }
              }
            }
          }
        }
      }
    }
  }
}
