{
  "main": {
    "agq": {
      "identity": {
        "version": {
          "_cldrVersion": "26",
          "_number": "$Revision: 10669 $"
        },
        "generation": {
          "_date": "$Date: 2014-07-23 16:10:33 -0500 (Wed, 23 Jul 2014) $"
        },
        "language": "agq"
      },
      "dates": {
        "calendars": {
          "gregorian": {
            "months": {
              "format": {
                "abbreviated": {
                  "1": "nùm",
                  "2": "kɨz",
                  "3": "tɨd",
                  "4": "taa",
                  "5": "see",
                  "6": "nzu",
                  "7": "dum",
                  "8": "fɔe",
                  "9": "dzu",
                  "10": "lɔm",
                  "11": "kaa",
                  "12": "fwo"
                },
                "narrow": {
                  "1": "n",
                  "2": "k",
                  "3": "t",
                  "4": "t",
                  "5": "s",
                  "6": "z",
                  "7": "k",
                  "8": "f",
                  "9": "d",
                  "10": "l",
                  "11": "c",
                  "12": "f"
                },
                "wide": {
                  "1": "ndzɔ̀ŋɔ̀nùm",
                  "2": "ndzɔ̀ŋɔ̀kƗ̀zùʔ",
                  "3": "ndzɔ̀ŋɔ̀tƗ̀dʉ̀ghà",
                  "4": "ndzɔ̀ŋɔ̀tǎafʉ̄ghā",
                  "5": "ndzɔ̀ŋèsèe",
                  "6": "ndzɔ̀ŋɔ̀nzùghò",
                  "7": "ndzɔ̀ŋɔ̀dùmlo",
                  "8": "ndzɔ̀ŋɔ̀kwîfɔ̀e",
                  "9": "ndzɔ̀ŋɔ̀tƗ̀fʉ̀ghàdzughù",
                  "10": "ndzɔ̀ŋɔ̀ghǔuwelɔ̀m",
                  "11": "ndzɔ̀ŋɔ̀chwaʔàkaa wo",
                  "12": "ndzɔ̀ŋèfwòo"
                }
              },
              "stand-alone": {
                "abbreviated": {
                  "1": "nùm",
                  "2": "kɨz",
                  "3": "tɨd",
                  "4": "taa",
                  "5": "see",
                  "6": "nzu",
                  "7": "dum",
                  "8": "fɔe",
                  "9": "dzu",
                  "10": "lɔm",
                  "11": "kaa",
                  "12": "fwo"
                },
                "narrow": {
                  "1": "n",
                  "2": "k",
                  "3": "t",
                  "4": "t",
                  "5": "s",
                  "6": "z",
                  "7": "k",
                  "8": "f",
                  "9": "d",
                  "10": "l",
                  "11": "c",
                  "12": "f"
                },
                "wide": {
                  "1": "ndzɔ̀ŋɔ̀nùm",
                  "2": "ndzɔ̀ŋɔ̀kƗ̀zùʔ",
                  "3": "ndzɔ̀ŋɔ̀tƗ̀dʉ̀ghà",
                  "4": "ndzɔ̀ŋɔ̀tǎafʉ̄ghā",
                  "5": "ndzɔ̀ŋèsèe",
                  "6": "ndzɔ̀ŋɔ̀nzùghò",
                  "7": "ndzɔ̀ŋɔ̀dùmlo",
                  "8": "ndzɔ̀ŋɔ̀kwîfɔ̀e",
                  "9": "ndzɔ̀ŋɔ̀tƗ̀fʉ̀ghàdzughù",
                  "10": "ndzɔ̀ŋɔ̀ghǔuwelɔ̀m",
                  "11": "ndzɔ̀ŋɔ̀chwaʔàkaa wo",
                  "12": "ndzɔ̀ŋèfwòo"
                }
              }
            },
            "days": {
              "format": {
                "abbreviated": {
                  "sun": "nts",
                  "mon": "kpa",
                  "tue": "ghɔ",
                  "wed": "tɔm",
                  "thu": "ume",
                  "fri": "ghɨ",
                  "sat": "dzk"
                },
                "narrow": {
                  "sun": "n",
                  "mon": "k",
                  "tue": "g",
                  "wed": "t",
                  "thu": "u",
                  "fri": "g",
                  "sat": "d"
                },
                "short": {
                  "sun": "nts",
                  "mon": "kpa",
                  "tue": "ghɔ",
                  "wed": "tɔm",
                  "thu": "ume",
                  "fri": "ghɨ",
                  "sat": "dzk"
                },
                "wide": {
                  "sun": "tsuʔntsɨ",
                  "mon": "tsuʔukpà",
                  "tue": "tsuʔughɔe",
                  "wed": "tsuʔutɔ̀mlò",
                  "thu": "tsuʔumè",
                  "fri": "tsuʔughɨ̂m",
                  "sat": "tsuʔndzɨkɔʔɔ"
                }
              },
              "stand-alone": {
                "abbreviated": {
                  "sun": "nts",
                  "mon": "kpa",
                  "tue": "ghɔ",
                  "wed": "tɔm",
                  "thu": "ume",
                  "fri": "ghɨ",
                  "sat": "dzk"
                },
                "narrow": {
                  "sun": "n",
                  "mon": "k",
                  "tue": "g",
                  "wed": "t",
                  "thu": "u",
                  "fri": "g",
                  "sat": "d"
                },
                "short": {
                  "sun": "nts",
                  "mon": "kpa",
                  "tue": "ghɔ",
                  "wed": "tɔm",
                  "thu": "ume",
                  "fri": "ghɨ",
                  "sat": "dzk"
                },
                "wide": {
                  "sun": "tsuʔntsɨ",
                  "mon": "tsuʔukpà",
                  "tue": "tsuʔughɔe",
                  "wed": "tsuʔutɔ̀mlò",
                  "thu": "tsuʔumè",
                  "fri": "tsuʔughɨ̂m",
                  "sat": "tsuʔndzɨkɔʔɔ"
                }
              }
            },
            "quarters": {
              "format": {
                "abbreviated": {
                  "1": "kɨbâ kɨ 1",
                  "2": "ugbâ u 2",
                  "3": "ugbâ u 3",
                  "4": "ugbâ u 4"
                },
                "narrow": {
                  "1": "1",
                  "2": "2",
                  "3": "3",
                  "4": "4"
                },
                "wide": {
                  "1": "kɨbâ kɨ 1",
                  "2": "ugbâ u 2",
                  "3": "ugbâ u 3",
                  "4": "ugbâ u 4"
                }
              },
              "stand-alone": {
                "abbreviated": {
                  "1": "kɨbâ kɨ 1",
                  "2": "ugbâ u 2",
                  "3": "ugbâ u 3",
                  "4": "ugbâ u 4"
                },
                "narrow": {
                  "1": "1",
                  "2": "2",
                  "3": "3",
                  "4": "4"
                },
                "wide": {
                  "1": "kɨbâ kɨ 1",
                  "2": "ugbâ u 2",
                  "3": "ugbâ u 3",
                  "4": "ugbâ u 4"
                }
              }
            },
            "dayPeriods": {
              "format": {
                "abbreviated": {
                  "am": "a.g",
                  "noon": "noon",
                  "pm": "a.k"
                },
                "narrow": {
                  "am": "a",
                  "noon": "n",
                  "pm": "p"
                },
                "wide": {
                  "am": "a.g",
                  "noon": "noon",
                  "pm": "a.k"
                }
              },
              "stand-alone": {
                "abbreviated": {
                  "am": "a.g",
                  "noon": "noon",
                  "pm": "a.k"
                },
                "narrow": {
                  "am": "a",
                  "noon": "n",
                  "pm": "p"
                },
                "wide": {
                  "am": "a.g",
                  "noon": "noon",
                  "pm": "a.k"
                }
              }
            },
            "eras": {
              "eraNames": {
                "0": "Sěe Kɨ̀lesto",
                "0-alt-variant": "BCE",
                "1": "Bǎa Kɨ̀lesto",
                "1-alt-variant": "CE"
              },
              "eraAbbr": {
                "0": "SK",
                "0-alt-variant": "BCE",
                "1": "BK",
                "1-alt-variant": "CE"
              },
              "eraNarrow": {
                "0": "SK",
                "0-alt-variant": "BCE",
                "1": "BK",
                "1-alt-variant": "CE"
              }
            },
            "dateFormats": {
              "full": "EEEE d MMMM y",
              "long": "d MMMM y",
              "medium": "d MMM, y",
              "short": "d/M/y"
            },
            "timeFormats": {
              "full": "HH:mm:ss zzzz",
              "long": "HH:mm:ss z",
              "medium": "HH:mm:ss",
              "short": "HH:mm"
            },
            "dateTimeFormats": {
              "full": "{1} {0}",
              "long": "{1} {0}",
              "medium": "{1} {0}",
              "short": "{1} {0}",
              "availableFormats": {
                "E": "ccc",
                "EHm": "E HH:mm",
                "EHms": "E HH:mm:ss",
                "Ed": "d E",
                "Ehm": "E h:mm a",
                "Ehms": "E h:mm:ss a",
                "Gy": "G y",
                "GyMMM": "G y MMM",
                "GyMMMEd": "G y MMM d, E",
                "GyMMMd": "G y MMM d",
                "H": "HH",
                "Hm": "HH:mm",
                "Hms": "HH:mm:ss",
                "M": "L",
                "MEd": "E d/M",
                "MMM": "LLL",
                "MMMEd": "E d MMM",
                "MMMd": "d MMM",
                "Md": "d/M",
                "d": "d",
                "h": "h a",
                "hm": "h:mm a",
                "hms": "h:mm:ss a",
                "ms": "m:ss",
                "y": "y",
                "yM": "M/y",
                "yMEd": "E d/M/y",
                "yMMM": "MMM y",
                "yMMMEd": "E d MMM y",
                "yMMMd": "d MMM y",
                "yMd": "d/M/y",
                "yQQQ": "QQQ y",
                "yQQQQ": "QQQQ y"
              },
              "appendItems": {
                "Day": "{0} ({2}: {1})",
                "Day-Of-Week": "{0} {1}",
                "Era": "{1} {0}",
                "Hour": "{0} ({2}: {1})",
                "Minute": "{0} ({2}: {1})",
                "Month": "{0} ({2}: {1})",
                "Quarter": "{0} ({2}: {1})",
                "Second": "{0} ({2}: {1})",
                "Timezone": "{0} {1}",
                "Week": "{0} ({2}: {1})",
                "Year": "{1} {0}"
              },
              "intervalFormats": {
                "intervalFormatFallback": "{0} – {1}",
                "H": {
                  "H": "HH–HH"
                },
                "Hm": {
                  "H": "HH:mm–HH:mm",
                  "m": "HH:mm–HH:mm"
                },
                "Hmv": {
                  "H": "HH:mm–HH:mm v",
                  "m": "HH:mm–HH:mm v"
                },
                "Hv": {
                  "H": "HH–HH v"
                },
                "M": {
                  "M": "MM–MM"
                },
                "MEd": {
                  "M": "MM-dd, E – MM-dd, E",
                  "d": "MM-dd, E – MM-dd, E"
                },
                "MMM": {
                  "M": "LLL–LLL"
                },
                "MMMEd": {
                  "M": "MMM d, E – MMM d, E",
                  "d": "MMM d, E – MMM d, E"
                },
                "MMMd": {
                  "M": "MMM d – MMM d",
                  "d": "MMM d–d"
                },
                "Md": {
                  "M": "MM-dd – MM-dd",
                  "d": "MM-dd – MM-dd"
                },
                "d": {
                  "d": "d–d"
                },
                "h": {
                  "a": "h a – h a",
                  "h": "h–h a"
                },
                "hm": {
                  "a": "h:mm a – h:mm a",
                  "h": "h:mm–h:mm a",
                  "m": "h:mm–h:mm a"
                },
                "hmv": {
                  "a": "h:mm a – h:mm a v",
                  "h": "h:mm–h:mm a v",
                  "m": "h:mm–h:mm a v"
                },
                "hv": {
                  "a": "h a – h a v",
                  "h": "h–h a v"
                },
                "y": {
                  "y": "y–y"
                },
                "yM": {
                  "M": "y-MM – y-MM",
                  "y": "y-MM – y-MM"
                },
                "yMEd": {
                  "M": "y-MM-dd, E – y-MM-dd, E",
                  "d": "y-MM-dd, E – y-MM-dd, E",
                  "y": "y-MM-dd, E – y-MM-dd, E"
                },
                "yMMM": {
                  "M": "y MMM–MMM",
                  "y": "y MMM – y MMM"
                },
                "yMMMEd": {
                  "M": "y MMM d, E – MMM d, E",
                  "d": "y MMM d, E – MMM d, E",
                  "y": "y MMM d, E – y MMM d, E"
                },
                "yMMMM": {
                  "M": "y MMMM–MMMM",
                  "y": "y MMMM – y MMMM"
                },
                "yMMMd": {
                  "M": "y MMM d – MMM d",
                  "d": "y MMM d–d",
                  "y": "y MMM d – y MMM d"
                },
                "yMd": {
                  "M": "y-MM-dd – y-MM-dd",
                  "d": "y-MM-dd – y-MM-dd",
                  "y": "y-MM-dd – y-MM-dd"
                }
              }
            }
          }
        }
      }
    }
  }
}
