{
  "main": {
    "aa-ER": {
      "identity": {
        "version": {
          "_cldrVersion": "26",
          "_number": "$Revision: 10669 $"
        },
        "generation": {
          "_date": "$Date: 2014-07-23 16:10:33 -0500 (Wed, 23 Jul 2014) $"
        },
        "language": "aa",
        "territory": "ER"
      },
      "characters": {
        "exemplarCharacters": "[a b t s e c k x i d q r f g o l m n u w h y]",
        "auxiliary": "[j p v z]",
        "punctuation": "[\\- , ; \\: ! ? . ( ) \\[ \\] \\{ \\}]",
        "index": "[A B T S E C K X I D Q R F G O L M N U W H Y]",
        "ellipsis": {
          "initial": "…{0}",
          "medial": "{0}…{1}",
          "final": "{0}…",
          "word-initial": "… {0}",
          "word-medial": "{0} … {1}",
          "word-final": "{0} …"
        },
        "moreInformation": "?"
      }
    }
  }
}
